Nom,Secteur,Ville,Email,Domaine,Catégorie,Téléphone,Site Web
"ESIEA, ingénieur·e·s d’un numérique utile - Laval",École d'ingénieurs,Laval,admissions@esiea.frs,esiea.frs,Autre,0182392500,https://bit.ly/3Rw2Dsy?utm_source=diplomeos
Efrei - Ecole d'ingénieur - Informatique et technologies du numérique - Paris,École d'ingénieurs,Paris,admissions@efrei.frs,efrei.frs,Autre,33188289001,Non trouvé
École d’Ingénieurs de PURPAN,École d'ingénieurs,Toulouse,communication@purpan.frs,purpan.frs,Autre,33561153030,Non trouvé
IESEG School of Management Lille,École de gestion et de commerce,Lille,ieseg@ieseg.frs,ieseg.frs,Autre,33320545892,Non trouvé
IESEG School of Management Paris,École de gestion et de commerce,Paris,ieseg@ieseg.frs,ieseg.frs,Autre,33320545892,https://www.ieseg.fr/?utm_source=PartDiplomeo20240314Ecole&utm_medium=FicheEcole&utm_campaign=RFrance?utm_source=diplomeos
Clermont School of Business,École de gestion et de commerce,Clermont-Ferrand,info@esc-clermont.frs,esc-clermont.frs,Autre,33473982424,https://www.clermont-sb.fr/?utm_source=diplomeos
AFIP Formations,École spécialisée,Villeurbanne,contact@afip-formations.coms,afip-formations.coms,Professionnel générique,33478378181,Non trouvé
L'École Multimédia,École de l'internet,Paris,service.communication@ecole-multimedia.coms,ecole-multimedia.coms,Éducation,33142785101,Non trouvé
MBS EDUCATION,Centre de formation d'apprentis,Paris,admission@mbseducation.frs,mbseducation.frs,Autre,33140500202,Non trouvé
Aurlom BTS +,École de gestion et de commerce,Paris,aurlombtsplus@gmail.coms,gmail.coms,Personnel,33140411238,https://www.aurlom.com/bts.html?utm_source=diplomeos
H3 Campus Paris,École de gestion et de commerce,Paris,contact@h3campus.frs,h3campus.frs,Autre,33142800049,https://h3campus.fr/?utm_source=diplomeos
Antemed Epsilon,Classes préparatoires aux concours,Paris 6e,paris@supexam.frs,supexam.frs,Autre,33148071717,https://www.antemed-epsiloon.fr?utm_source=diplomeos
EPF - Paris Cachan,École d'ingénieurs,Cachan,communication@epf.frs,epf.frs,Autre,33141130151,https://www.epf.fr/?utm_source=diplomeo&utm_medium=page_ecole&utm_campaign=2425_Ref?utm_source=diplomeos
GARTI - École Supérieure de Graphisme,"Design, Graphisme, 3D, Vidéo, Mode",Paris,garti@ecolegarti.coms,ecolegarti.coms,Éducation,33175611000,Non trouvé
Digital School of Paris,École de l'internet,Paris,contact@digitalschool.pariss,digitalschool.pariss,Autre,33173433000,https://www.digitalschool.paris/?utm_source=diplomeos
"Ynov 3D, Animation & Jeux Vidéo - Paris Ouest","Design, Graphisme, 3D, Vidéo, Mode",Nanterre,contact-paris@ynov.coms,ynov.coms,Autre,0148070702,https://www.ynov.com/campus/paris/?utm_source=diplomeos
"ESIEA, ingénieur·e·s d’un numérique utile - Paris / Ivry-sur-Seine",École d'ingénieurs,Ivry-sur-Seine,admissions@esiea.frs,esiea.frs,Autre,0182392500,https://bit.ly/3yZzJd5?utm_source=diplomeos
Digital College - Paris La Défense,École de l'internet,Nanterre,contact@digital-college.frs,digital-college.frs,Éducation,33155230804,https://digital-college.fr?utm_source=diplomeos
301,École de l'internet,Rennes,contact@301-digital.coms,301-digital.coms,Autre,33299148088,https://www.301-digital.com/?utm_source=diplomeos
IRIIG,École de gestion et de commerce,Lyon 7e,contact@iriig.coms,iriig.coms,Autre,0484350526,https://www.iriig.com/?utm_source=diplomeos
DSTI School of Engineering - Paris,École d'ingénierie informatique,Paris,contact@dsti.institutes,dsti.institutes,Professionnel générique,33489412944,https://dsti.school?utm_source=diplomeos
DSTI School of Engineering - Nice - Sophia-Antipolis,École d'ingénierie informatique,Nice,contact@dsti.institutes,dsti.institutes,Professionnel générique,33489412944,https://dsti.school?utm_source=diplomeos
European School of Cybersecurity,École d'ingénierie informatique,Lyon,contact@esc-cybersecurity.coms,esc-cybersecurity.coms,Autre,0469960065,https://www.esc-cybersecurity.com/?utm_source=diplomeos
Ynov Architecture  d’intérieur  -  Paris Ouest,École d'architecture,Nanterre,contact-paris@ynov.coms,ynov.coms,Autre,0148070702,https://www.ynov.com/metier/architecte-interieur-designer-espace/?utm_source=diplomeos
Ynov Tech & Business -  Paris Ouest,École de l'internet,Nanterre,contact-paris@ynov.coms,ynov.coms,Autre,0148070702,https://www.ynov.com/formation/ynov-web-management/?utm_source=diplomeos
FMS - L’école de commerce du Food Business - Paris,École de gestion et de commerce,Paris,admission@fms-school.coms,fms-school.coms,Autre,0184831470,https://food-management-school.com/?utm_source=Diplomeo&utm_medium=mini+site+FMS+sur+diplomeo&utm_campaign=Site+FMS+diplomeo&utm_content=bouton+site+fms?utm_source=diplomeos
DIFCAM Ile-de-France,Centre de formation d'apprentis,Montrouge,idf@difcam.coms,difcam.coms,Autre,33149534323,https://implantation.difcam.com/14-cfa-difcam-ile-de-france?utm_source=diplomeos
IFFP - Institut Français de Formation Professionnelle,Centre de formation professionnelle,Nanterre,contact@iffp.pros,iffp.pros,Autre,0180884455,https://iffp.pro/?utm_source=diplomeos
Purple Campus - Alès,Centre de formation d'apprentis,Alès,ales@purple-campus.coms,purple-campus.coms,Autre,33466912121,https://purple-campus.com?utm_source=diplomeos
Purple Campus - Nîmes,Centre de formation d'apprentis,Marguerittes,marguerittes@purple-campus.coms,purple-campus.coms,Autre,33466879759,https://purple-campus.com?utm_source=diplomeos
Purple Campus - Carcassonne,Centre de formation d'apprentis,Carcassonne,carcassonne@purple-campus.coms,purple-campus.coms,Autre,0468713876,https://purple-campus.com?utm_source=diplomeos
Purple Campus - Narbonne,Centre de formation d'apprentis,Narbonne,narbonne@purple-campus.coms,purple-campus.coms,Autre,33468441802,https://purple-campus.com?utm_source=diplomeos
SMBS - L'école de commerce de la santé - Paris,École de gestion et de commerce,Paris 13e,smbs@smbs-school.coms,smbs-school.coms,Autre,33184831471,https://sante-management-school.com/?utm_source=diplomeos
Ecole de Management de Normandie - Paris,École de gestion et de commerce,Paris,admissions@em-normandie.frs,em-normandie.frs,Autre,33175000076,https://www.em-normandie.com/?utm_source=site_referencement&utm_medium=site_lien&utm_campaign=diplomeo?utm_source=diplomeos
Ecole de Management de Normandie - Caen,École de gestion et de commerce,Caen,admissions@em-normandie.frs,em-normandie.frs,Autre,330231467878,https://www.em-normandie.com/?utm_source=site_referencement&utm_medium=site_lien&utm_campaign=diplomeo?utm_source=diplomeos
CREAPOLE ESDI,"Design, Graphisme, 3D, Vidéo, Mode",Paris 1er,admi@creapole.frs,creapole.frs,Autre,33144882020,https://www.creapole.fr?utm_source=diplomeos
IFAG - Institut de formation aux affaires et à la gestion - Auxerre,École de gestion et de commerce,Auxerre,recrutement.es@pole-formation.nets,pole-formation.nets,Professionnel générique,33608777568,https://www.ifag.com/campus/auxerre?utm_source=diplomeos
CFA CERFAL,Centre de formation d'apprentis,Montrouge,contact@cerfal.frs,cerfal.frs,Autre,33140522870,Non trouvé
SUP DE VINCI - Paris,École d'ingénierie informatique,Puteaux,contact@supdevinci.frs,supdevinci.frs,Autre,33141167280,https://www.supdevinci.fr/?utm_source=diplomeos
ISIPCA,Centre de formation d'apprentis,Versailles,info@isipca.frs,isipca.frs,Autre,33139237000,Non trouvé
EPMT - École de Paris des Métiers de la Table,Centre de formation d'apprentis,Paris,inscription@epmt.frs,epmt.frs,Autre,33144091200,Non trouvé
Faculté Des Métiers - Rennes,Centre de formation d'apprentis,Rennes,mathilde.friquet@fac-metiers.frs,fac-metiers.frs,Éducation,33299054545,https://www.fac-metiers.fr/?utm_source=diplomeos
ESPAS,École de gestion et de commerce,Lille,espas@univ-catholille.frs,univ-catholille.frs,Éducation,0320549090,https://ecole-espas.fr/?utm_source=partenaires&utm_medium=résultatsderecherchenaturels&utm_campaign=diplomeo?utm_source=diplomeos
ESICAD - Ecole supérieure privée de commerce et gestion - Montpellier,École de gestion et de commerce,Montpellier,montpellier@esicad.coms,esicad.coms,Autre,33467105756,https://www.esicad.com/?utm_source=diplomeos
IEFT - Institut européen de formation au tourisme - Lyon,Autre établissement d'enseignement,Lyon,infolyon@ieftourisme.coms,ieftourisme.coms,Autre,33472851740,Non trouvé
ILERI - L’Institut Libre des Relations Internationales et des Sciences Politiques  - Lyon,École spécialisée,Lyon,admissions.lyon@ileri.frs,ileri.frs,Autre,0472853831,https://www.ileri.fr/campus/lyon-leclair?utm_source=Diplomeo&utm_medium=ANNUAIRE&utm_campaign=Annuaire_2024_2025&utm_content=ANNUAIRE_Diplomeo?utm_source=diplomeos
ITII Bourgogne - Campus d'Auxerre,École d'ingénieurs,Auxerre,contact@itiibourgogne.coms,itiibourgogne.coms,Autre,33386492618,Non trouvé
ESGRH école supérieure de gestion des ressources humaines,École de ressources humaines,Paris 11e,admissions@esgrh.frs,esgrh.frs,Autre,33186479361,Non trouvé
IHEDREA - L'école de l'Agri et de l'Agro Management - Paris,École spécialisée,Courbevoie,contact@paris.ihedrea.orrgs,paris.ihedrea.orrgs,Autre,33141066222,https://www.ihedrea.org/?utm_source=diplomeo&utm_medium=annuaire&utm_campaign=IHEDREA_2022_2023&utm_content=ANNUAIRE_diplomeo?utm_source=diplomeos
ECS Paris - Ecole de communication,École de communication,Paris,info@ecs-paris.coms,ecs-paris.coms,Autre,33146472990,Non trouvé
ESUPCOM - ECOLE SUPERIEURE DE COMMUNICATION - LILLE,École de communication,Lille,lille@esupcom.coms,esupcom.coms,Autre,33320400012,https://www.esupcom.com/nos-ecoles/lille/?utm_source=diplomeos
ESUPCOM - ECOLE SUPERIEURE DE COMMUNICATION - AIX-EN-PROVENCE,École de communication,Vitrolles,aix@esupcom.coms,esupcom.coms,Autre,33442646200,https://www.esupcom.com/nos-ecoles/aix-en-provence/?utm_source=diplomeos
TALIS Paris,École de gestion et de commerce,Paris 11e,paris@talis-bs.coms,talis-bs.coms,Autre,0140388786,https://www.talis.community/?utm_source=diplomeos
Luxury Hotelschool Paris,École hôtelière,Paris,admissions@lh.schools,lh.schools,Autre,33147313939,https://www.luxuryhotelschool.fr?utm_source=diplomeos
ESARC Toulouse,École de gestion et de commerce,Toulouse,toulouse@esarc-evolution-toulouse.frs,esarc-evolution-toulouse.frs,Autre,33561399798,Non trouvé
"Ecole supérieure des métiers de l’image, du son et de la création 2D-3D","École de photo, audiovisuel, cinéma",Malakoff,webmaster@emc.frs,emc.frs,Autre,33146553919,https://www.emc.fr/?utm_source=diplomeos
AFOREM Rennes,École de gestion et de commerce,Rennes,formation@aforem.frs,aforem.frs,Autre,33299354600,https://www.aforem.fr/ecole/campus-rennes/?utm_source=diplomeos
Ecole supérieure européenne de management en alternance - Lyon,Grande école de commerce,Lyon,lyon@ecema.frs,ecema.frs,Autre,33472738229,https://info.ecema.fr/rentree-lyon-diplomeo-site/?utm_source=diplomeos
ESITC - Ecole supérieure d'Ingénieurs des Travaux de la Construction de Paris,École d'ingénieurs,Arcueil,contact@esitc-paris.frs,esitc-paris.frs,Autre,33181801515,Non trouvé
ESP - Ecole supérieure de publicité - Paris,École de communication,Paris,plandi@espub.orgs,espub.orgs,Autre,33764363995,https://espub.org?utm_source=diplomeos
Ecole Supérieure Informatique et de Commerce - Paris,Grande école de commerce,Malakoff,contact@esic.frs,esic.frs,Autre,33153901520,Non trouvé
Ecole Supérieure de Logistique Industrielle Redon,Autre établissement d'enseignement,Redon,contact@gip-cei.coms,gip-cei.coms,Autre,33299716020,https://gip-cei.com/esli-redon/?utm_source=diplomeos
ESGF - Ecole  Supérieure de Gestion et Finance Paris,École de gestion et de commerce,Courbevoie,admissions@esgf.frs,esgf.frs,Autre,33186472994,Non trouvé
ESGCI,École de gestion et de commerce,Paris,admissions@esgci.coms,esgci.coms,Autre,33186472993,https://www.esgci.com?utm_source=diplomeos
Ecole supérieure de commerce et de management spécialisée Tourisme,École hôtelière,Aix-en-Provence,contact@escaet.frs,escaet.frs,Autre,33442966497,Non trouvé
ESA - École Supérieure d'Assurances,École d'assurance,Paris,admission@esassurances.coms,esassurances.coms,Autre,0185733100,https://formation-assurances.esaassurance.com/?utm_source=diplomeos
TALIS Bayonne,École de gestion et de commerce,Bayonne,bayonne@talis-bs.coms,talis-bs.coms,Autre,33564100913,https://www.talis.community/?utm_source=diplomeo&utm_campaign=2025&utm_medium=ficheecole?utm_source=diplomeos
EPSI Lyon,École d'ingénierie informatique,Lyon,lyon@epsi.frs,epsi.frs,Autre,33472853850,Non trouvé
EPSI Arras,École d'ingénierie informatique,Arras,arras@epsi.frs,epsi.frs,Autre,33321713334,Non trouvé
Ecole Pigier - Paris,École de gestion et de commerce,Paris,parisperformance@pigier.coms,pigier.coms,Autre,33155070755,https://www.pigier.com/ecole-commerce-paris?utm_source=diplomeos
Ecole Pigier - Nancy,École de gestion et de commerce,Nancy,nancy@pigier.coms,pigier.coms,Autre,33383359797,https://www.pigier.com/ecole-commerce-nancy?utm_source=diplomeos
ENIM - Ecole nationale d'ingénieurs de Metz,École d'ingénieurs,Metz,enim-communication-contact@univ-lorraine.frs,univ-lorraine.frs,Éducation,33372748700,https://enim.univ-lorraine.fr/?utm_source=diplomeos
ENC Nantes,École de gestion et de commerce,Nantes,admission-enc@enc-nantes.frs,enc-nantes.frs,Autre,33240489871,https://www.enc-nantes.fr/?utm_source=diplomeos
École Internationale Tunon - Montpellier,École hôtelière,Montpellier,montpellier@ecoletunon.coms,ecoletunon.coms,Éducation,33467581108,https://www.ecole-tunon.com/?utm_source=diplomeos
Elégance Académies,École des métiers de l'esthétique cosmétique,Nice,info@elegance.frs,elegance.frs,Autre,33493881292,https://www.elegance.fr/?utm_source=diplomeos
IFAG - Institut de formation aux affaires et à la gestion - Toulouse,École de gestion et de commerce,Balma,patty.meunier@ifag.frs,ifag.frs,Autre,33607033267,Non trouvé
IFAG - Institut de formation aux affaires et à la gestion - Paris,École de gestion et de commerce,Courbevoie,paris@ifag.coms,ifag.coms,Autre,33146592076,Non trouvé
IFAG - Institut de formation aux affaires et à la gestion - Angers,École de gestion et de commerce,Trélazé,marion.lefeuvre@ifag.frs,ifag.frs,Autre,33241391359,Non trouvé
H3 Campus Cergy Pontoise,École de gestion et de commerce,Saint-Ouen-l'Aumône,contact@h3campus.frs,h3campus.frs,Autre,33134485555,https://www.h3campus.fr/?utm_source=diplomeos
ICAN - Institut de création et d'animation numériques - PARIS,École spécialisée,Paris,admissions@ican-design.frs,ican-design.frs,Autre,33186220869,https://www.ican-design.fr/?utm_source=diplomeos
iaelyon School of Management,École de gestion et de commerce,Lyon 8e,margaux.francois@univ-lyon3.frs,univ-lyon3.frs,Éducation,33478787066,Non trouvé
ICR - Institut catholique de Rennes,Université,Bruz,communication@icrennes.orgs,icrennes.orgs,Autre,33299058475,Non trouvé
Narratiiv,École de communication,Paris,admissions@narratiiv.schools,narratiiv.schools,Autre,33153825713,https://www.narratiiv.school/?utm_source=diplomeos
IFAG - Institut de formation aux affaires et à la gestion - Lyon,École de gestion et de commerce,Lyon,lyon@ifag.coms,ifag.coms,Autre,33472857285,Non trouvé
ICL - L'école des Business Developers - Campus de Lyon,École de gestion et de commerce,Lyon 9e,info@icl.frs,icl.frs,Autre,33472857374,Non trouvé
MBS,École de gestion et de commerce,Montpellier,concours.pge@montpellier-bs.coms,montpellier-bs.coms,Autre,33467102500,Non trouvé
Ecole Pratique,Autre établissement d'enseignement,Marseille 9e,contact@ecolepratique.coms,ecolepratique.coms,Éducation,33491142680,https://www.ecolepratique.com/?utm_source=diplomeos
ESA Paris (Ecole Supérieure des Agricultures),École d'ingénieurs,Guyancourt,info-orientation@groupe-esa.coms,groupe-esa.coms,Professionnel générique,33241235555,Non trouvé
FORMASUP Campus,École de gestion et de commerce,Bordeaux,admissions@formasup-campus.frs,formasup-campus.frs,Autre,33556340173,https://www.formasup-campus.com/?utm_source=diplomeos
ISCOM - Institut supérieur de communication et de publicité - Montpellier,École de communication,Montpellier,montpellier@iscom.frs,iscom.frs,Autre,33467105774,Non trouvé
IPAG Business School - Campus de Paris,Grande école de commerce,Paris 15e,c.pivaut@ipag.frs,ipag.frs,Autre,33140796440,https://www.ipag.edu/?utm_source=diplomeos
ESTICE - International Management,École de gestion et de commerce,Lille,estice@univ-catholille.frs,univ-catholille.frs,Éducation,0320549090,https://estice.fr/utm_source=partenaires&utm_medium=résultatsderecherchenaturels&utm_campaign=diplomeo?utm_source=diplomeos
Vatel Campus les « Chartrons » Bordeaux,École hôtelière,Bordeaux,c.sauvey@vatel.frs,vatel.frs,Autre,33556010175,https://www.vatel.fr/fr/ecole-hoteliere-bordeaux/presentation-vatel-bordeaux?utm_source=diplomeo&utm_medium=lien&utm_campaign=page_campus_chartrons?utm_source=diplomeos
ISTEF - Institut supérieur technique d'enseignement et de formation,École de gestion et de commerce,Toulouse,istef@istef.frs,istef.frs,Autre,33534415390,Non trouvé
ISO - Institut Supérieur d'Optique Lyon,École de santé,Lyon,isolyon@iso.frs,iso.frs,Autre,33437286969,https://www.iso.fr?utm_source=diplomeos
ISVM - Institut de Santé du Vivant et du Médico-social - Bordeaux,École de santé,Bordeaux,admission@isvm.frs,isvm.frs,Autre,33533064646,Non trouvé
ISO - Institut Supérieur d'Optique Paris,École d'optique,Paris,isoparis@iso.frs,iso.frs,Autre,33153952929,https://www.iso.fr?utm_source=diplomeos
IRIS - Ecole Supérieur d'informatique et de Numérique - Paris,École de l'internet,Paris,iris@groupeipf.coms,groupeipf.coms,Professionnel générique,33155743099,Non trouvé
ISFJ - INSTITUT SUPERIEUR DE FORMATION AU JOURNALISME ET A LA COMMUNICATION DIGITALE - PARIS,École spécialisée,Paris 15e,contact@isfj-international.coms,isfj-international.coms,Autre,33178966832,https://www.isfj.fr/?utm_source=diplomeo&utm_medium=fiche-ecole&utm_campaign=campagne-2023-2024-campus-paris&utm_content=texte-home?utm_source=diplomeos
ISCOM - Institut supérieur de communication et de publicité - Lyon,École de communication,Lyon 7e,jean.gouix@iscom.frs,iscom.frs,Autre,33472913604,Non trouvé
ISCOM - Institut supérieur de communication et de publicité - Lille,École de communication,Lille,oceane.gautier@iscom.frs,iscom.frs,Autre,33328361610,Non trouvé
ISCOM - Institut supérieur de communication et de publicité - Paris,École de communication,Paris,infos@iscom.frs,iscom.frs,Autre,33155070777,Non trouvé
L'Ecole Energie Tech,Centre de formation d'apprentis,Alfortville,cfa@ecole-energietech.frs,ecole-energietech.frs,Éducation,33618536108,Non trouvé
"Institut Lyfe, Management en Arts Culinaires & Hôtellerie",École hôtelière,Écully,candidature@institutlyfe.coms,institutlyfe.coms,Autre,330487633838,https://www.institutlyfe.com/?utm_source=diplomeo&utm_medium=referencement?utm_source=diplomeos
SUP'DE COM - Lyon,École de communication,Lyon,lyon@ecoles-supdecom.coms,ecoles-supdecom.coms,Éducation,33786795077,https://www.ecoles-supdecom.com/?utm_source=diplomeos
Institut G4 - Marseille,École de l'internet,Marseille,contact@g-4.frs,g-4.frs,Autre,33811690000,https://www.institut-g4.fr/?utm_source=diplomeos
Audencia SciencesCom - MediaCampus,École de communication,Nantes,sciencescom@audencia.coms,audencia.coms,Autre,33240449000,https://www.audencia.com/?utm_source=diplomeos
PPA BUSINESS SCHOOL - PARIS,École de gestion et de commerce,Paris 14e,admissions@ppa.frs,ppa.frs,Autre,33140790290,https://www.ppa.fr/ecole-commerce-alternance.html?utm_source=diplomeo&utm_medium=brand_content&utm_campaign=dossier_de_presse&utm_content=site_etablissement?utm_source=diplomeos
ESLSCA Business School,École de gestion et de commerce,Paris,communication@eslsca.frs,eslsca.frs,Autre,33173286244,Non trouvé
Ecole Pigier - Nice,École de gestion et de commerce,Nice,nice@pigier.coms,pigier.coms,Autre,33493298333,https://www.pigier.com/ecole-commerce-nice?utm_source=diplomeos
Ecole Pigier - Nîmes,École de gestion et de commerce,Nîmes,nimes@pigier.coms,pigier.coms,Autre,0466388700,https://www.pigier.com/ecole-commerce-nimes?utm_source=diplomeos
ESICAD - Ecole supérieure privée de commerce et gestion - Toulouse,École de gestion et de commerce,Labège,toulouse@esicad.coms,esicad.coms,Autre,33561390363,Non trouvé
Ecole Pigier - Montpellier,École de gestion et de commerce,Montpellier,montpellier@pigier.coms,pigier.coms,Autre,33467105858,https://www.pigier.com/ecole-commerce-montpellier?utm_source=diplomeos
Sup Career Paris -  Omnes Education,École de gestion et de commerce,Paris,admissions@supcareer.frs,supcareer.frs,Autre,33144522584,https://www.supcareer.com/?ept-publisher=diplomeo&ept-name=supk-psg-mixte-fall-2025&ept-location=na-national-psg-NA&utm_medium=partenariat&utm_campaign=supk-psg-mixte-fall-2025&utm_source=diplomeo&utm_content=na-national-psg-NA?utm_source=diplomeos
Talis  Bordeaux,École de gestion et de commerce,Bordeaux,bordeaux@talis-bs.coms,talis-bs.coms,Autre,33557224242,https://www.talis.community/?utm_source=diplomeos
"Bellecour école de design, d’animation et de jeu vidéo à Lyon",École d'art,Lyon,admission@bellecour.frs,bellecour.frs,Autre,33988288127,Non trouvé
ISPN - Institut Supérieur Professionnel de Caen,Autre établissement d'enseignement,Caen,contact@ispn.frs,ispn.frs,Autre,33231930912,Non trouvé
Sports Management School,École de formation sportive,Paris 19e,contact@sportsmanagementschool.frs,sportsmanagementschool.frs,Autre,33178428961,Non trouvé
EEMI - Ecole Européenne des Metiers de l'Internet - Paris,École de l'internet,Paris,admission@eemi.coms,eemi.coms,Autre,33767547625,https://www.eemi.com/?utm_source=diplomeos
"L’ECITV, La Grande École du Digital, du Web et de l’Audiovisuel en alternance",École de l'internet,Paris 16e,admissions@ecitv.frs,ecitv.frs,Autre,33144230045,Non trouvé
EIML - ECOLE INTERNATIONALE DE MARKETING DU LUXE - PARIS,École spécialisée,Paris 15e,admissions@eimlp.frs,eimlp.frs,Autre,33153952890,https://www.eiml-paris.fr/?utm_source=diplomeo&utm_medium=fiche-ecole&utm_campaign=campagne-2023-2024-campus-paris&utm_content=texte-home?utm_source=diplomeos
Com'Art Design,École d'art,Paris,stephanie@comart-design.coms,comart-design.coms,Autre,33183968686,https://www.comart-design.com?utm_source=diplomeos
Euridis Business School - Campus de Paris - Saint Lazare,École de gestion et de commerce,Paris 9e,admission@euridis-ecole.eus,euridis-ecole.eus,Éducation,330155999830,https://www.euridis-ecole.com/campus/campus-de-paris/?utm_source=diplomeo&utm_medium=fiche-ecole&utm_campaign=2022?utm_source=diplomeos
Cesacom Paris,École de communication,Paris,elhem.aissaoui@cesacom.frs,cesacom.frs,Autre,33183647522,Non trouvé
IPAG Business School - Campus de Nice,École de gestion et de commerce,Nice,admissions-paris@ipag.frs,ipag.frs,Autre,33493133900,https://www.ipag.edu/?utm_source=diplomeos
Ecole Pigier - Aix-en-Provence,École de gestion et de commerce,Aix-en-Provence,aixenprovence@pigier.coms,pigier.coms,Autre,0495051880,https://www.pigier.com/ecole-commerce-aix-en-provence?utm_source=diplomeos
Ecole Pigier - Marseille,École de gestion et de commerce,Marseille,marseille@pigier.coms,pigier.coms,Autre,0495051880,https://www.pigier.com/ecole-commerce-marseille?utm_source=diplomeos
MBway - Angers,École de gestion et de commerce,Angers,angers@mbway.coms,mbway.coms,Autre,33241739691,https://www.mbway.com/mba-angers?utm_source=diplomeos
MBway - Lille,École de gestion et de commerce,Marcq-en-Barœul,lille@mbway.coms,mbway.coms,Autre,3366729630,Non trouvé
MBway - Lyon,École de gestion et de commerce,Lyon,lyon@mbway.coms,mbway.coms,Autre,33472913638,https://www.mbway.com/?utm_source=diplomeos
MBway - Montpellier,École de gestion et de commerce,Mauguio,montpellier@mbway.coms,mbway.coms,Autre,33467105766,https://www.mbway.com/?utm_source=diplomeos
KEDGE Business School Bordeaux,École de gestion et de commerce,Bordeaux,info@kedgebs.coms,kedgebs.coms,Autre,33556845555,https://kedge.edu/?utm_source=Diplomeo&utm_medium=Partner&utm_campaign=Page_campus?utm_source=diplomeos
Cesacom Lille,École de communication,Lille,infolille@cesacom.frs,cesacom.frs,Autre,33320788118,Non trouvé
H3 HITEMA,École d'ingénierie informatique,Paris 15e,admission@h3hitema.frs,h3hitema.frs,Autre,33141330470,https://www.h3hitema.fr/?utm_source=diplomeos
INEAD Spécialiste des Formations à Distance,Campus connecté,Aix-en-Provence,info@inead.frs,inead.frs,Autre,33175434434,https://www.inead.fr/?utm_source=diplomeos
Itecom Art Design - Paris,École d'art,Paris,communication@itecom-artdesign.coms,itecom-artdesign.coms,Autre,33158625151,Non trouvé
Digital Campus - Bordeaux,École de l'internet,Bordeaux,bordeaux@digital-campus.frs,digital-campus.frs,Autre,33518251828,https://www.digital-campus.fr/ecole/bordeaux?utm_source=diplomeo?utm_source=diplomeos
Institut G4 - Lyon,École de l'internet,Lyon,contact@institut-g4.frs,institut-g4.frs,Autre,33811690000,https://www.institut-g4.fr?utm_source=diplomeos
Sup de Luxe,École spécialisée,Paris,admissions@supdeluxe.frs,supdeluxe.frs,Autre,33764775051,Non trouvé
IEJ - Institut européen de journalisme,École de journalisme,Paris,info@iej-paris.coms,iej-paris.coms,Autre,33153922300,Non trouvé
ISIFA Plus Values - Sud,École spécialisée,Issy-les-Moulineaux,parissud@isifaplusvalues.coms,isifaplusvalues.coms,Autre,33140951300,Non trouvé
ISIFA Plus Values - Ouest,École spécialisée,Paris,parisouest@isifaplusvalues.coms,isifaplusvalues.coms,Autre,33179363509,https://www.isifaplusvalues.com/?utm_source=diplomeos
EPSI Lille,École d'ingénierie informatique,Lille,celia.wauters@campus-cd.coms,campus-cd.coms,Autre,33320343536,https://www.epsi.fr/?utm_source=diplomeo&utm_medium=Annuaire&utm_campaign=diplomeo_2024&utm_content=ANNUAIRE_diplomeo?utm_source=diplomeos
EPSI Grenoble,École d'ingénierie informatique,Saint-Martin-d'Hères,info@grenoble.epsi.frs,grenoble.epsi.frs,Autre,33686833145,Non trouvé
IFAG - Institut de formation aux affaires et à la gestion - Nantes,École de gestion et de commerce,Nantes,nantes@ifag.coms,ifag.coms,Autre,33170798935,Non trouvé
IFAG - Institut de formation aux affaires et à la gestion - Bordeaux,École de gestion et de commerce,Bordeaux,bordeaux@ifag.coms,ifag.coms,Autre,33557929303,Non trouvé
IFAG - Institut de formation aux affaires et à la gestion - Lille,École de gestion et de commerce,Lille,flore.lefevere@ifag.frs,ifag.frs,Autre,33366722244,Non trouvé
IFAG - Institut de formation aux affaires et à la gestion - Amiens,École de gestion et de commerce,Amiens,amiens@ifag.coms,ifag.coms,Autre,33322717101,Non trouvé
SUP'DE COM - Bordeaux,École de communication,Bordeaux,bordeaux@ecoles-supdecom.coms,ecoles-supdecom.coms,Éducation,33535542836,Non trouvé
SUP'DE COM - Grenoble,École de communication,Saint-Martin-d'Hères,grenoble@ecoles-supdecom.coms,ecoles-supdecom.coms,Éducation,33458005441,Non trouvé
EPF - Troyes,École d'ingénieurs,Troyes,communication@epf.frs,epf.frs,Autre,33325707719,Non trouvé
EPF - Montpellier,École d'ingénieurs,Montpellier,communication@epf.frs,epf.frs,Autre,33499654181,Non trouvé
Ecole Internationale de Management de Paris,École de gestion et de commerce,Paris,info@eimparis.coms,eimparis.coms,Autre,33142037700,https://eimparis.com/?utm_source=diplomeos
IPSSI - Paris,École de l'internet,Paris,admissions@ecole-ipssi.coms,ecole-ipssi.coms,Éducation,33155432665,https://ecole-ipssi.com/?utm_source=diplomeo&utm_medium=directory&utm_campaign=BRAND_pres_ipssi?utm_source=diplomeos
ISME Nantes,École de gestion et de commerce,Nantes,contact@isme.frs,isme.frs,Autre,33240505637,Non trouvé
MJM Graphic Design - Nantes,"Design, Graphisme, 3D, Vidéo, Mode",Nantes,nantes@mjm-design.coms,mjm-design.coms,Autre,33251840633,Non trouvé
Itecom Art Design - Nice,École d'art,Nice,contactnice@itecom-artdesign.coms,itecom-artdesign.coms,Autre,33493530660,https://www.itecom-artdesign.com?utm_source=diplomeos
Ipac Bachelor Factory Angers,École de gestion et de commerce,Angers,angers@ipacfactory.coms,ipacfactory.coms,Autre,33241739744,https://www.ipacbachelorfactory.com/?utm_source=diplomeos
Ipac Bachelor Factory de Lille,École de gestion et de commerce,Marcq-en-Barœul,lille@ipacfactory.coms,ipacfactory.coms,Autre,0366060698,https://www.ipacbachelorfactory.com/?utm_source=diplomeos
IPAC Bachelor Factory Paris-Ouest,École de gestion et de commerce,Levallois-Perret,parisouest@ipacfactory.coms,ipacfactory.coms,Autre,33179360069,https://www.ipacbachelorfactory.com/?utm_source=diplomeos
Ipac Bachelor Factory Paris Sud,École de gestion et de commerce,Boulogne-Billancourt,parissud@ipacfactory.coms,ipacfactory.coms,Autre,33141099920,https://www.ipacbachelorfactory.com/?utm_source=diplomeos
TALIS Bergerac,École de gestion et de commerce,Bergerac,developpement.bgc@talis-bs.coms,talis-bs.coms,Autre,33553221200,https://www.talis.community//?utm_source=diplomeo&utm_campaign=2024&utm_medium=ficheecole?utm_source=diplomeos
H3 Campus Poissy,École de gestion et de commerce,Paris,contact@h3campus.frs,h3campus.frs,Autre,33130063306,https://www.h3campus.fr/?utm_source=diplomeos
WIS Lyon,École de l'internet,Lyon 9e,lyon@wis-ecoles.coms,wis-ecoles.coms,Éducation,33609060628,Non trouvé
WIS Bordeaux,École de l'internet,Bordeaux,bordeaux@wis-ecoles.coms,wis-ecoles.coms,Éducation,33556431313,Non trouvé
WIS Lille,École de l'internet,Lille,lille@wis-ecoles.coms,wis-ecoles.coms,Éducation,33320343536,https://www.wis-ecoles.com/?utm_source=diplomeo&utm_medium=Annuaire&utm_campaign=diplomeo_2024&utm_content=ANNUAIRE_diplomeo?utm_source=diplomeos
WIS Nantes,École de l'internet,Nantes,nantes@wis-ecoles.coms,wis-ecoles.coms,Éducation,33240766087,Non trouvé
3W Academy Paris,École d'ingénierie informatique,Paris 14e,paris@3wacademy.frs,3wacademy.frs,Autre,0176401159,https://3wacademy.fr/?utm_source=diplomeos
MBA ESG,École de gestion et de commerce,Paris 11e,conseiller.formation@mba-esg.coms,mba-esg.coms,Autre,33155256182,https://www.mba-esg.com/?utm_source=diplomeos
École Supérieure des Pays de Loire -  Angers,École de gestion et de commerce,Angers,contact@espl.frs,espl.frs,Autre,33241732030,https://www.espl.fr/?utm_source=diplomeos
Ecole Supérieure des Professions Immobilières - ESPI Marseille,École des métiers de l'immobilier,Marseille 2e,marseille@groupe-espi.frs,groupe-espi.frs,Professionnel générique,33496133400,https://groupe-espi.fr/campus/espi-marseille/?utm_source=diplomeos
Ecole Supérieure des Professions Immobilières - ESPI Nantes,École des métiers de l'immobilier,Nantes,nantes@groupe-espi.frs,groupe-espi.frs,Professionnel générique,33240498746,https://groupe-espi.fr/campus/espi-nantes/?utm_source=diplomeos
HEAD,École de droit et des métiers juridiques,Paris,accueil@ecolehead.frs,ecolehead.frs,Éducation,33175434310,https://www.ecolehead.fr/?utm_source=diplomeos
MyDigitalSchool - Paris,École de l'internet,Paris 11e,paris@mydigitalschool.coms,mydigitalschool.coms,Autre,33155070765,Non trouvé
MBA Pôle Paris Alternance,École de gestion et de commerce,Montrouge,admissions@mba-ppa.frs,mba-ppa.frs,Autre,33144681147,Non trouvé
Le Cordon Bleu Paris,École de cuisine et gastronomie,Paris,paris@cordonbleu.edus,cordonbleu.edus,Éducation,33185651500,https://www.cordonbleu.edu/paris/accueil/fr?utm_source=diplomeos
EFET STUDIO CRÉA - PARIS,École d'art,Paris 11e,contact@studiocreaparis.coms,studiocreaparis.coms,Autre,33142717016,https://www.efet-studiocrea.com/?utm_source=diplomeo&utm_medium=fiche-ecole&utm_campaign=campagne-2023-2024-campus-paris&utm_content=texte-home?utm_source=diplomeos
La fabrique - Ecole des métiers de la mode et de la décoration,École d'art,Paris,jpbaleng@isipca-lafabrique.frs,isipca-lafabrique.frs,Autre,33155650188,Non trouvé
Ecole de Savignac,École hôtelière,Savignac-les-Églises,admissions@ecole-de-savignac.coms,ecole-de-savignac.coms,Éducation,33553050811,Non trouvé
KEDGE Business School Marseille,École de gestion et de commerce,Marseille,astrid.lerat@kedgebs.coms,kedgebs.coms,Autre,33491827800,https://kedge.edu/?utm_source=Diplomeo&utm_medium=Partner&utm_campaign=Page_campus?utm_source=diplomeos
KEDGE Business School Paris,École de gestion et de commerce,Paris,astrid.lerat@kedgebs.coms,kedgebs.coms,Autre,33187899450,https://kedge.edu/?utm_source=Diplomeo&utm_medium=Partner&utm_campaign=Page_campus?utm_source=diplomeos
FERRANDI Paris : Campus de Rennes,École de cuisine et gastronomie,Rennes,ferrandi-rennes@ille-et-vilaine.cci.frs,ille-et-vilaine.cci.frs,Autre,0299336350,https://www.ferrandi-paris.com/fr/nos-campus/rennes?utm_source=diplomeos
ASCENCIA Saint Quentin en Yvelines,École de gestion et de commerce,Montigny-le-Bretonneux,contact@ascencia-bs.coms,ascencia-bs.coms,Autre,33184870730,Non trouvé
ASCENCIA - Évry,École de gestion et de commerce,Évry-Courcouronnes,contact@ascencia-bs.coms,ascencia-bs.coms,Autre,33160795555,https://info.ascencia-business-school.com/evry-1782-diplomeo-site/?utm_source=diplomeos
ASCENCIA - Marne-la-Vallée,École de gestion et de commerce,Lognes,contact@ascencia-bs.coms,ascencia-bs.coms,Autre,33164114800,https://info.ascencia-business-school.com/marne-la-vallee-1782-diplomeo-site/?utm_source=diplomeos
ASCENCIA - Paris La Défense,École de gestion et de commerce,Puteaux,contact@ascencia-bs.coms,ascencia-bs.coms,Autre,33155230808,https://info.ascencia-business-school.com/paris-la-defense-1782-diplomeo-site/?utm_source=diplomeos
Ecole de Management de Normandie - Le Havre,École de gestion et de commerce,Le Havre,admissions@em-normandie.frs,em-normandie.frs,Autre,33232925999,https://www.em-normandie.com/?utm_source=site_referencement&utm_medium=site_lien&utm_campaign=diplomeo?utm_source=diplomeos
ESIS Paris - Ecole Supérieure de l'Image et du Son,"École de photo, audiovisuel, cinéma",Paris,contact@esis-paris.frs,esis-paris.frs,Autre,33142381095,https://www.esis-paris.fr/?utm_source=diplomeo&utm_medium=fiche-ecole&utm_campaign=campagne-2023-2024-campus-paris&utm_term=texte-home?utm_source=diplomeos
TALIS Périgueux,École de gestion et de commerce,Périgueux,developpement.pgx@talis-bs.coms,talis-bs.coms,Autre,33553051561,Non trouvé
AMOS - Ecole du Commerce du Sport - Paris,École de gestion et de commerce,Paris,info@amos-paris.frs,amos-paris.frs,Autre,0144648383,https://www.amos-business-school.eu/fr/campus/paris/?utm_source=diplomeos
IMIE - École de la Filière Numérique - Paris,École d'ingénierie informatique,Levallois-Perret,contact@imie-paris.frs,imie-paris.frs,Autre,0184782217,https://www.imie-paris.fr?utm_source=diplomeos
ESUPCOM - ECOLE SUPERIEURE DE COMMUNICATION - PARIS,École de communication,Paris 14e,paris@esupcom.coms,esupcom.coms,Autre,33141171212,https://www.esupcom.com/nos-ecoles/paris/?utm_source=diplomeos
ESUPCOM - ECOLE SUPERIEURE DE COMMUNICATION - REIMS,École de communication,Reims,reims@esupcom.coms,esupcom.coms,Autre,33616136593,https://www.esupcom.com/nos-ecoles/reims/?utm_source=diplomeos
Ecole Internationale de Mode - Paris,"Design, Graphisme, 3D, Vidéo, Mode",Paris,sc@eidm.frs,eidm.frs,Autre,33145776802,https://www.ecoledemode.fr/?utm_source=diplomeos
EFET - Ecole privée de Photographie,"École de photo, audiovisuel, cinéma",Paris,abaulac@reseau-ges.frs,reseau-ges.frs,Autre,33143468696,https://www.efet.fr/ecole-de-photographie.html?utm_source=diplomeo&utm_medium=fiche-ecole&utm_campaign=campagne-2023-2024-campus-paris&utm_content=texte-home?utm_source=diplomeos
IPSSI - Marne-la-Vallée,École de l'internet,Serris,admissions@ecole-ipssi.coms,ecole-ipssi.coms,Éducation,33181807710,https://ecole-ipssi.com/contact-ecole-informatique-web-design-graphique/marne-la-vallee/?utm_source=diplomeo&utm_medium=directory&utm_campaign=BRAND_pres_ipssi?utm_source=diplomeos
Euridis Business School - Campus de Lyon - Quai Perrache,École de gestion et de commerce,Lyon,admission-lyon@euridis-ecole.eus,euridis-ecole.eus,Éducation,330481916111,https://www.euridis-ecole.com/campus/campus-de-lyon/?utm_source=diplomeo&utm_medium=fiche-ecole&utm_campaign=2022?utm_source=diplomeos
Euridis Business School - Campus de Toulouse,École de gestion et de commerce,Toulouse,admission-toulouse@euridis-ecole.eus,euridis-ecole.eus,Éducation,33532000025,https://www.euridis-ecole.com/campus/campus-de-toulouse/?utm_source=diplomeo&utm_medium=fiche-ecole&utm_campaign=2022?utm_source=diplomeos
AFTEC - Laval,Autre établissement d'enseignement,Changé,laval@aftec.frs,aftec.frs,Autre,33243597010,https://www.aftec.fr/?utm_source=diplomeos
Ipac Bachelor Factory Laval,École de gestion et de commerce,Changé,laval@ipacfactory.coms,ipacfactory.coms,Autre,33243597014,https://www.ipacbachelorfactory.com/ecole-commerce-laval?utm_source=diplomeos
MBway - Bordeaux,École de gestion et de commerce,Bordeaux,bordeaux@mbway.coms,mbway.coms,Autre,33556333536,https://www.mbway.com/?utm_source=diplomeos
MBway - Paris Ouest,École de gestion et de commerce,Levallois-Perret,serviceadmissionslet@eduservices.orgs,eduservices.orgs,Autre,33155070757,https://www.mbway.com/?utm_source=diplomeos
MBway - Strasbourg,École de gestion et de commerce,Strasbourg,strasbourg@mbway.coms,mbway.coms,Autre,3388375917,https://www.mbway.com/?utm_source=diplomeos
Mbway - Toulouse,École de gestion et de commerce,Labège,toulouse@mbway.coms,mbway.coms,Autre,33532110037,https://www.mbway.com/?utm_source=diplomeos
ESI Business School - Paris,École de gestion et de commerce,Paris,admission-esi@groupe-gema.coms,groupe-gema.coms,Professionnel générique,33139711212,https://www.esi-business-school.com?utm_source=diplomeos
IFTE - IDF,École de gestion et de commerce,Créteil,candidature@ifte-idf.coms,ifte-idf.coms,Autre,33143777745,https://ifte-idf.com?utm_source=diplomeos
Ecole Supérieure des Professions Immobilières - ESPI Bordeaux,École des métiers de l'immobilier,Bordeaux,bordeaux@groupe-espi.frs,groupe-espi.frs,Professionnel générique,0564310490,https://groupe-espi.fr/?utm_source=diplomeos
Ecole Supérieure des Professions Immobilières - ESPI Lyon,École des métiers de l'immobilier,Lyon 9e,lyon@groupe-espi.frs,groupe-espi.frs,Professionnel générique,0481132800,https://groupe-espi.fr/?utm_source=diplomeos
MyDigitalSchool - Angers,École de l'internet,Angers,angers@mydigitalschool.coms,mydigitalschool.coms,Autre,33252210038,https://www.mydigitalschool.com/?utm_source=diplomeos
Institut F2I,École de gestion et de commerce,Vincennes,contact@ief2i.frs,ief2i.frs,Autre,33149575959,https://www.institut-f2i.fr/?utm_source=diplomeos
Ecole supérieure européenne de management en alternance - Saint Étienne,École de gestion et de commerce,Saint-Étienne,saintetienne@ecema.frs,ecema.frs,Autre,33477902755,https://info.ecema.fr/rentree-saint-etienne-diplomeo-site/?utm_source=diplomeos
Altéa Business & Digital School,École de gestion et de commerce,Bordeaux,s.heng@altea-bds.coms,altea-bds.coms,Autre,33557577171,https://www.altea-formation.com/?utm_source=diplomeos
ISME La Rochelle,École de gestion et de commerce,Périgny,communication-lr@isme.frs,isme.frs,Autre,0546446935,https://www.isme.fr?utm_source=diplomeos
Studio MERCIER,Autre établissement d'enseignement,Béziers,contact@cime-art.coms,cime-art.coms,Autre,33609714403,Non trouvé
WIS Montpellier,École de l'internet,Montpellier,montpellier@wis-ecoles.coms,wis-ecoles.coms,Éducation,33467042001,https://www.wis-ecoles.com/?utm_source=diplomeo&utm_medium=Annuaire&utm_campaign=diplomeo_2024&utm_content=ANNUAIRE_diplomeo?utm_source=diplomeos
ESCIN BUSINESS SCHOOL,École de gestion et de commerce,Strasbourg,contact@escin.frs,escin.frs,Autre,33972559516,Non trouvé
MODART INTERNATIONAL - PARIS,"Design, Graphisme, 3D, Vidéo, Mode",Paris,admissions@modart-paris.coms,modart-paris.coms,Autre,33158393672,https://modart-paris.com/?utm_source=diplomeo&utm_medium=fiche-ecole&utm_campaign=campagne-2023-2024-campus-paris&utm_content=texte-home?utm_source=diplomeos
TALIS Poitiers,École de gestion et de commerce,Poitiers,recrutement-afc@talis-bs.coms,talis-bs.coms,Autre,33549380838,https://www.talis.community/?utm_source=diplomeos
Win Sport School - Angers,École de gestion et de commerce,Angers,angers@winsportschool.coms,winsportschool.coms,Autre,33252210037,https://www.win-sport-school.com/demande-de-documentation?utm_source=Hellowork&utm_medium=fiche-ecole&utm_campaign=2022&utm_content=referencement?utm_source=diplomeos
Win Sport School - Lille,École de gestion et de commerce,Lille,lille@winsportschool.coms,winsportschool.coms,Autre,0366060697,https://www.win-sport-school.com/demande-de-documentation?utm_source=Hellowork&utm_medium=fiche-ecole&utm_campaign=2022&utm_content=referencement?utm_source=diplomeos
Win Sport School - Nancy,École de gestion et de commerce,Nancy,nancy@winsportschool.coms,winsportschool.coms,Autre,33383358575,https://www.win-sport-school.com/demande-de-documentation?utm_source=Hellowork&utm_medium=fiche-ecole&utm_campaign=2022&utm_content=referencement?utm_source=diplomeos
Win Sport School - Nice,École de gestion et de commerce,Nice,nice@winsportschool.coms,winsportschool.coms,Autre,33422170224,https://www.win-sport-school.com/ecole-sport-nice?utm_source=diplomeos
Win Sport School - Paris Levallois,École de gestion et de commerce,Levallois-Perret,paris-levallois@winsportschool.coms,winsportschool.coms,Autre,0179364449,https://www.win-sport-school.com/demande-de-documentation?utm_source=Hellowork&utm_medium=fiche-ecole&utm_campaign=2022&utm_content=referencement?utm_source=diplomeos
Win Sport School - Saint-Quentin-en-Yvelines,École de gestion et de commerce,Versailles,stquentin@winsportschool.coms,winsportschool.coms,Autre,0134527073,https://www.win-sport-school.com/demande-de-documentation?utm_source=Hellowork&utm_medium=fiche-ecole&utm_campaign=2022&utm_content=referencement?utm_source=diplomeos
Win Sport School - Strasbourg,École de gestion et de commerce,Strasbourg,strasbourg@winsportschool.coms,winsportschool.coms,Autre,33388375570,https://www.win-sport-school.com/demande-de-documentation?utm_source=Hellowork&utm_medium=fiche-ecole&utm_campaign=2022&utm_content=referencement?utm_source=diplomeos
Win Sport School Toulouse,École de formation sportive,Labège,toulouse@winsportschool.coms,winsportschool.coms,Autre,33561390862,https://www.win-sport-school.com/demande-de-documentation?utm_source=Hellowork&utm_medium=fiche-ecole&utm_campaign=2022&utm_content=referencement?utm_source=diplomeos
MyDigitalSchool - Saint-Quentin-en-Yvelines,École de l'internet,Montigny-le-Bretonneux,stquentin@mydigitalschool.coms,mydigitalschool.coms,Autre,0184270654,https://www.mydigitalschool.com/saint-quentin-en-yvelines/contact?utm_source=diplomeos
ESG Sport - Paris,École de formation sportive,Paris 16e,admissions@esg-sport.coms,esg-sport.coms,Autre,0186479363,https://www.esg-sport.com/?utm_source=diplomeos
Éstiam - Lyon,École d'ingénierie informatique,Lyon 7e,lyon@estiam.coms,estiam.coms,Autre,33428292575,https://info.estiam-lyon.education/rentree-diplomeo-site/?utm_source=diplomeos
L’école internationale du management responsable - 3A - Campus Lyon,École de gestion et de commerce,Lyon,contact.lyon@ecole3a.edus,ecole3a.edus,Éducation,0472857373,https://www.ecole3a.edu/campus/lyon?utm_source=Diplomeo&utm_medium=annuaire&utm_id=Diplomeo&utm_content=ANNUAIRE_Diplomeo?utm_source=diplomeos
L’école internationale du management responsable - 3A - Campus Paris,École de gestion et de commerce,Puteaux,contact.paris@ecole3a.edus,ecole3a.edus,Éducation,0185083660,https://www.ecole3a.edu/campus/paris?utm_source=Diplomeo&utm_medium=annuaire&utm_id=Diplomeo&utm_content=ANNUAIRE_Diplomeo?utm_source=diplomeos
IPSSI - Saint-Quentin-en-Yvelines,École de l'internet,Versailles,admissions@ipssi-sqy.coms,ipssi-sqy.coms,Autre,0155432910,https://ecole-ipssi.com/ecole-informatique/campus-saint-quentin-en-yvelines/?utm_source=diplomeo&utm_medium=directory&utm_campaign=BRAND_pres_sqy?utm_source=diplomeos
WIS Paris,École de l'internet,Paris,paris@wis-ecoles.coms,wis-ecoles.coms,Éducation,33155900630,https://www.wis-ecoles.com/?utm_source=diplomeo&utm_medium=Annuaire&utm_campaign=diplomeo_2024&utm_content=ANNUAIRE_diplomeo?utm_source=diplomeos
WIS Toulouse,École de l'internet,Quint-Fonsegrives,eric.albert@toulouse-epsi.frs,toulouse-epsi.frs,Autre,0467042001,Non trouvé
WIS Grenoble,École de l'internet,Saint-Martin-d'Hères,grenoble@wis-ecoles.coms,wis-ecoles.coms,Éducation,0458003890,Non trouvé
MJM Graphic Design - Lille,"Design, Graphisme, 3D, Vidéo, Mode",Lille,lille@mjm-design.coms,mjm-design.coms,Autre,0320334434,https://mjm-design.com/?utm_source=Diplomeo_Fiche&utm_medium=Fiche_ecole_Lille?utm_source=diplomeos
ESCM - Strasbourg,École de gestion et de commerce,Strasbourg,ecole@escm.eus,escm.eus,Autre,0388324903,https://escm-ecole.fr/?utm_source=diplomeos
Win Sport School - Laval,École de formation sportive,Changé,laval@winsportschool.coms,winsportschool.coms,Autre,33243591144,https://www.win-sport-school.com/demande-de-documentation?utm_source=Hellowork&utm_medium=fiche-ecole&utm_campaign=2022&utm_content=referencement?utm_source=diplomeos
MyDigitalSchool - Lyon,École de l'internet,Lyon,lyon@mydigitalschool.coms,mydigitalschool.coms,Autre,33472913631,https://www.mydigitalschool.com/?utm_source=diplomeos
Euridis Business School - Campus de Lille,École de gestion et de commerce,Lille,admission-lille@euridis-ecole.eus,euridis-ecole.eus,Éducation,33372270350,https://www.euridis-ecole.com/campus/campus-de-lille/?utm_source=diplomeo&utm_medium=fiche-ecole&utm_campaign=2022?utm_source=diplomeos
Euridis Business School - Campus de Nantes,École de gestion et de commerce,Nantes,admission-nantes@euridis-ecole.eus,euridis-ecole.eus,Éducation,33664700029,https://www.euridis-ecole.com/campus/campus-de-nantes/?utm_source=diplomeo&utm_medium=fiche-ecole&utm_campaign=2022?utm_source=diplomeos
Euridis Business School - Campus d'Aix-en-Provence,École de gestion et de commerce,Vitrolles,admission-aix@euridis-ecole.eus,euridis-ecole.eus,Éducation,33484880186,https://www.euridis-ecole.com/campus/campus-aix-en-provence/?utm_source=diplomeo&utm_medium=fiche-ecole&utm_campaign=2022?utm_source=diplomeos
EXCHANGE COLLEGE- Paris,École de gestion et de commerce,Nanterre,contact@exchange-college.coms,exchange-college.coms,Éducation,33155230828,https://info.exchange-college.com/rentree-exchange-college-x-diplomeo-site/?utm_source=diplomeos
Eucléa Business School - Strasbourg,École de gestion et de commerce,Schiltigheim,contact@euclea-bs.coms,euclea-bs.coms,Autre,33388981681,https://info.euclea-business-school.com/rentree-strasbourg-1782/?utm_source=diplomeos
ISCOM - Institut supérieur de communication et de publicité - Bordeaux,École de communication,Bordeaux,bordeaux@iscom.frs,iscom.frs,Autre,33607690447,Non trouvé
MyDigitalSchool - Lille,École de l'internet,Lille,lille@mydigitalschool.coms,mydigitalschool.coms,Autre,0366060696,https://www.mydigitalschool.com/?utm_source=diplomeos
MyDigitalSchool - Montpellier,Autre établissement d'enseignement,Montpellier,montpellier@mydigitalschool.coms,mydigitalschool.coms,Autre,0467105853,https://www.mydigitalschool.com/?utm_source=diplomeos
ESGI - ECOLE SUPERIEURE DE GENIE INFORMATIQUE - AIX-EN-PROVENCE,École d'ingénierie informatique,Aix-en-Provence,admissions.esgi-aix@eductive.frs,eductive.frs,Autre,33442951865,https://www.esgi.fr/campus-aix-en-provence.html?utm_source=diplomeos
ESGI - ECOLE SUPERIEURE DE GENIE INFORMATIQUE - GRENOBLE,École d'ingénierie informatique,Grenoble,admissions.esgi-grenoble@eductive.frs,eductive.frs,Autre,33476469059,https://www.esgi.fr/campus-grenoble.html?utm_source=diplomeos
ESGI - ECOLE SUPERIEURE DE GENIE INFORMATIQUE - REIMS,École d'ingénierie informatique,Reims,admissions.esgi-reims@eductive.frs,eductive.frs,Autre,33351251070,https://www.esgi.fr/campus-reims.html?utm_source=diplomeos
ESGI - ECOLE SUPERIEURE DE GENIE INFORMATIQUE - LYON,École de l'internet,Lyon,admissions.esgi-lyon@eductive.frs,eductive.frs,Autre,33426290106,https://www.esgi.fr/campus-lyon.html?utm_source=diplomeos
PPA BUSINESS SCHOOL - AIX-EN-PROVENCE,École de gestion et de commerce,Aix-en-Provence,admissions.ppa-aix@eductive.frs,eductive.frs,Autre,0442646200,https://www.ppa.fr/campus-aix-en-provence.html?utm_source=diplomeos
PPA BUSINESS SCHOOL - LILLE,École de gestion et de commerce,Lille,admissions.ppa-euralille@eductive.frs,eductive.frs,Autre,0320067453,https://www.ppa.fr/campus-lille.html?utm_source=diplomeos
PPA BUSINESS SCHOOL - GRENOBLE,École de gestion et de commerce,Grenoble,admissions.ppa-grenoble@eductive.frs,eductive.frs,Autre,0476469059,https://www.ppa.fr/campus-grenoble.html?utm_source=diplomeos
PPA BUSINESS SCHOOL - REIMS,École de gestion et de commerce,Reims,admissions-reims@ppa.frs,ppa.frs,Autre,0170834193,https://www.ppa.fr/campus-reims.html?utm_source=diplomeos
PPA BUSINESS SCHOOL - LYON,École de gestion et de commerce,Lyon,admissions-lyon@ppa.frs,ppa.frs,Autre,0426290106,https://www.ppa.fr/campus-lyon.html?utm_source=diplomeos
EFET STUDIOCREA - AIX-EN-PROVENCE,"Design, Graphisme, 3D, Vidéo, Mode",Aix-en-Provence,admissions-aix@studiocreaparis.coms,studiocreaparis.coms,Autre,33442646200,Non trouvé
EFET STUDIOCREA - GRENOBLE,"Design, Graphisme, 3D, Vidéo, Mode",Grenoble,admissions-grenoble@studiocreaparis.coms,studiocreaparis.coms,Autre,0476469059,Non trouvé
EFET STUDIO CRÉA - LILLE,"Design, Graphisme, 3D, Vidéo, Mode",Lille,c.navez@eductive.frs,eductive.frs,Autre,33320400012,Non trouvé
MAESTRIS BTS - AIX-EN-PROVENCE,École spécialisée,Vitrolles,aix-en-pce@maestris.coms,maestris.coms,Autre,0442646200,https://www.maestris-bts.com/campus/aix-en-provence/?utm_source=diplomeos
MAESTRIS BTS - TOULON,École spécialisée,Toulon,toulon@maestris.coms,maestris.coms,Autre,33494923284,https://toulon.eductive.fr/?utm_source=diplomeos
MAESTRIS BTS - LYON,École spécialisée,Lyon,lyon@maestris.coms,maestris.coms,Autre,0426290106,https://www.maestris-bts.com/campus/lyon/?utm_source=diplomeos
EFFICOM DIGITAL SCHOOL - PARIS,École de l'internet,Paris,paris@efficom.frs,efficom.frs,Autre,0141171212,https://www.efficom.fr/digital_school/?utm_source=diplomeos
EFFICOM INFORMATIQUE - LILLE,École de l'internet,Lille,lille@efficom.frs,efficom.frs,Autre,3320060289,https://www.efficom.fr/tech_school/?utm_source=diplomeos
EFFICOM INFORMATIQUE - PARIS,École de l'internet,Paris,paris@efficom.frs,efficom.frs,Autre,33141171212,https://www.efficom.fr/tech_school/?utm_source=diplomeos
EFFICOM DESIGN SCHOOL - LILLE,"Design, Graphisme, 3D, Vidéo, Mode",Lille,lille@efficom.frs,efficom.frs,Autre,33320060289,https://www.efficom.fr/design_school/?utm_source=diplomeos
EFFICOM BUSINESS SCHOOL - LILLE,École de gestion et de commerce,Lille,lille@efficom.frs,efficom.frs,Autre,33320060289,https://www.efficom.fr/efficom-lille/?utm_source=diplomeos
EFFICOM BUSINESS SCHOOL - PARIS,École de gestion et de commerce,Paris,paris@efficom.frs,efficom.frs,Autre,33141171212,https://www.efficom.fr/efficom-paris/?utm_source=diplomeos
EFAB - GRENOBLE,École des métiers de l'immobilier,Grenoble,grenoble@efab.frs,efab.frs,Autre,33476469059,https://www.efab.fr/campus/campus-grenoble/?utm_source=diplomeos
EFAB  IMMOBILIER - LILLE,École des métiers de l'immobilier,Lille,lille@efab.frs,efab.frs,Autre,3320060289,https://www.efab.fr/campus/campus-lille/?utm_source=diplomeos
EFAB IMMOBILIER - LYON,École des métiers de l'immobilier,Lyon,lyon@efab.frs,efab.frs,Autre,33426290106,https://www.efab.fr/campus/campus-lyon/?utm_source=diplomeos
EFAB  IMMOBILIER - PARIS,École des métiers de l'immobilier,Paris,paris@efab.frs,efab.frs,Autre,33141171212,https://www.efab.fr/campus/campus-paris/?utm_source=diplomeos
EDBS - LILLE,École de gestion et de commerce,Lille,lille@eductive.frs,eductive.frs,Autre,0320151677,https://www.edbs-france.fr?utm_source=diplomeos
EDBS - PARIS,École de gestion et de commerce,Paris,admissions@eductive-group.coms,eductive-group.coms,Professionnel générique,33186220895,https://www.edbs-france.fr/?utm_source=letudiant&utm_medium=diplom%C3%A9o&utm_campaign=annuaire_052024&utm_content=home-diplom%C3%A9o?utm_source=diplomeos
ESUPCOM - ECOLE SUPERIEURE DE COMMUNICATION - LYON,École de communication,Lyon,lyon@esupcom.coms,esupcom.coms,Autre,33426290101,https://www.esupcom.com/nos-ecoles/lyon/?utm_source=diplomeos
EIML - ECOLE INTERNATIONALE DE MARKETING DU LUXE - LYON,École de gestion et de commerce,Lyon,c.rebatet@sciences-u.frs,sciences-u.frs,Autre,33627768415,https://www.eiml-paris.fr/campus-lyon.html?utm_source=diplomeos
ENGDE - ECOLE SUPERIEURE DE GESTION & D'EXPERTISE COMPTABLE - LYON,École de gestion et de commerce,Lyon,info@engde.frs,engde.frs,Autre,33627768415,https://www.engde.fr/campus-lyon.html?utm_source=diplomeos
ISFJ - INSTITUT SUPERIEUR DE FORMATION AU JOURNALISME ET A LA COMMUNICATION DIGITALE - LILLE,École de journalisme,Lille,admissions.isfj-lillenium@eductive.frs,eductive.frs,Autre,0320400012,https://isfj-paris.com/?utm_source=diplomeos
MODART INTERNATIONAL - LYON,"Design, Graphisme, 3D, Vidéo, Mode",Lyon,c.rebatet@sciences-u.frs,sciences-u.frs,Autre,0426290110,https://modart-paris.com/?utm_source=diplomeos
EDBS - LYON,École de gestion et de commerce,Lyon,lyon@eductive.frs,eductive.frs,Autre,33426290132,https://www.bachelors-eductive.com/nos-campus/lyon/?utm_source=diplomeos
EFAB IMMOBILIER - AIX-EN-PROVENCE,École des métiers de l'immobilier,Aix-en-Provence,aix@efab.frs,efab.frs,Autre,0442646200,https://www.efab.fr/campus/campus-aix/?utm_source=diplomeos
EFAB  IMMOBILIER - REIMS,École des métiers de l'immobilier,Reims,reims@efab.frs,efab.frs,Autre,33616136593,https://www.efab.fr/campus/campus-reims/?utm_source=diplomeos
ENGDE - ECOLE SUPERIEURE DE GESTION & D'EXPERTISE COMPTABLE - LILLE,École de gestion et de commerce,Lille,admissions-lille@engde.frs,engde.frs,Autre,33320060289,https://www.engde.fr/campus-lille.html?utm_source=diplomeos
ESGI - ECOLE SUPERIEURE DE GENIE INFORMATIQUE - LILLE,École d'ingénierie informatique,Lille,admissions.esgi-euralille@eductive.frs,eductive.frs,Autre,33320067453,https://www.esgi.fr/campus-lille.html?utm_source=diplomeos
MAESTRIS BTS - LILLE,École spécialisée,Lille,lille@maestris.coms,maestris.coms,Autre,0320060289,https://www.maestris-bts.com/campus/lille/?utm_source=diplomeos
MAESTRIS BTS - REIMS,École spécialisée,Reims,reims@maestris.coms,maestris.coms,Autre,0326866464,https://www.maestris-bts.com/campus/reims/?utm_source=diplomeos
ESG Luxe - École de Marketing et de Management du Luxe à Paris,Autre établissement d'enseignement,Paris 1er,admissions@esg-luxe.coms,esg-luxe.coms,Autre,0183622470,https://www.esg-luxe.com/?utm_source=diplomeos
EPSI Toulouse,École d'ingénierie informatique,Balma,info@toulouse-epsi.frs,toulouse-epsi.frs,Autre,33320343536,https://www.epsi.fr/campus/campus-de-toulouse/?utm_source=diplomeos
EPSI Rennes,École d'ingénierie informatique,Rennes,info@rennes-epsi.frs,rennes-epsi.frs,Autre,33285523310,https://www.epsi.fr/?utm_source=diplomeo&utm_medium=Annuaire&utm_campaign=diplomeo_2024&utm_content=ANNUAIRE_diplomeo?utm_source=diplomeos
L’école internationale du management responsable - 3A- Campus Toulouse,École de gestion et de commerce,Balma,contact.toulouse@ecole3a.edus,ecole3a.edus,Éducation,0582952297,https://www.ecole3a.edu/campus/toulouse?utm_source=diplomeos
Coding Factory by ESIEE-IT - Paris,École de l'internet,Paris 15e,admissions@esiee-it.frs,esiee-it.frs,Autre,33640557787,https://codingfactory.fr/?utm_source=diplomeos
Webitech,École d'ingénierie informatique,Paris,info@webitechparis.coms,webitechparis.coms,Autre,0142037700,https://webitechparis.com/?utm_source=diplomeos
MAESTRIS BTS - GRENOBLE,École spécialisée,Grenoble,grenoble@maestris.coms,maestris.coms,Autre,0476469059,https://www.maestris-bts.com/campus/grenoble/?utm_source=diplomeos
ILERI - L’Institut Libre des Relations Internationales et des Sciences Politiques  - Paris,École spécialisée,Paris,admissions.paris@ileri.frs,ileri.frs,Autre,33140530044,https://www.ileri.fr/campus/paris-17eme?utm_source=Diplomeo&utm_medium=ANNUAIRE&utm_campaign=Annuaire_2024_2025&utm_content=ANNUAIRE_Diplomeo?utm_source=diplomeos
Efrei- Ecole d'ingénieur - Informatique et technologies du numérique - Bordeaux,École d'ingénieurs,Bordeaux,admissions@efrei.frs,efrei.frs,Autre,33188289001,Non trouvé
1984 School of design,"Design, Graphisme, 3D, Vidéo, Mode",Paris,info@1984.schools,1984.schools,Autre,0142590582,https://www.1984.school/?utm_source=diplomeos
IFCV,École de gestion et de commerce,Levallois-Perret,contact@ifcv.frs,ifcv.frs,Autre,33184782205,https://www.ifcv.fr/?utm_source=diplomeos
PPA SPORT - PARIS,École de gestion et de commerce,Paris 14e,admissions@ppa.frs,ppa.frs,Autre,33140799390,https://www.ppa-sport.fr/?utm_source=diplomeos
Euridis Business School - Campus de Bordeaux,École de gestion et de commerce,Bordeaux,admission-bordeaux@euridis-ecole.eus,euridis-ecole.eus,Éducation,33532000082,https://www.euridis-ecole.com/campus/campus-de-bordeaux/?utm_source=diplomeo&utm_medium=fiche-ecole&utm_campaign=2022?utm_source=diplomeos
ESI Business School - Lyon,École de gestion et de commerce,Lyon,admission-esi@groupe-gema.coms,groupe-gema.coms,Professionnel générique,33139711212,https://www.esi-business-school.com?utm_source=diplomeos
ESG Tourisme,École hôtelière,Paris,admissions@esg-tourisme.coms,esg-tourisme.coms,Autre,33186479365,https://www.esg-tourisme.com/?utm_source=diplomeos
LiveCampus,École de l'internet,Paris 1er,placement@livecampus.frs,livecampus.frs,Autre,0184601622,https://livecampus.fr/?utm_source=diplomeos
EFAB IMMOBILIER - TOULON,École des métiers de l'immobilier,Toulon,toulon@eductive.frs,eductive.frs,Autre,33494923284,https://www.efab.fr/?utm_source=diplomeos
ESDM - École Nantaise du Développement Durable & de Management,École de gestion et de commerce,Nantes,contact@esdm-formation.frs,esdm-formation.frs,Professionnel générique,0272256980,https://www.esdm-formation.fr/?utm_source=diplomeos
ESP - Ecole supérieure de publicité - Lyon,École de communication,Lyon,dconrad@esp-esd.coms,esp-esd.coms,Autre,33755546993,https://espub.org/?utm_source=diplomeos
ESP - Ecole supérieure de publicité - Bordeaux,École de communication,Bordeaux,echervy@esp-esd.coms,esp-esd.coms,Autre,33755546992,https://espub.org/?utm_source=diplomeos
ESP - Ecole supérieure de publicité - Toulouse,École de communication,Toulouse,rsese@esp-esd.coms,esp-esd.coms,Autre,33532099977,https://espub.org/?utm_source=diplomeos
Suptertiaire - Campus de Paris,École des métiers de l'immobilier,Paris 13e,admission-paris@suptertiaire.coms,suptertiaire.coms,Autre,0142471212,https://www.suptertiaire-immobilier.fr/?utm_source=diplomeo&utm_medium=affiliate?utm_source=diplomeos
EFET STUDIOCREA - REIMS,"Design, Graphisme, 3D, Vidéo, Mode",Reims,campus-reims@eductive.frs,eductive.frs,Autre,33326866464,Non trouvé
EFET STUDIOCREA - LYON,"Design, Graphisme, 3D, Vidéo, Mode",Lyon 3e,a.marcel@sciences-u.frs,sciences-u.frs,Autre,33426290106,Non trouvé
EFET STUDIOCREA - TOULOUSE,"Design, Graphisme, 3D, Vidéo, Mode",Toulouse,admission@eductive.frs,eductive.frs,Autre,33635155000,Non trouvé
ISFJ - INSTITUT SUPERIEUR DE FORMATION AU JOURNALISME ET A LA COMMUNICATION DIGITALE - LYON,École de journalisme,Lyon 3e,admissions.isfj-lyon@eductive.frs,eductive.frs,Autre,33320400012,https://isfj-paris.com/?utm_source=diplomeos
PPA BUSINESS SCHOOL - TOULOUSE,École de gestion et de commerce,Toulouse,admission@eductive.frs,eductive.frs,Autre,33532660036,https://www.ppa.fr/ecole-commerce-alternance.html?utm_source=diplomeos
PPA SPORT - REIMS,École de gestion et de commerce,Reims,campus-reims@eductive.frs,eductive.frs,Autre,33326866464,https://www.ppa-sport.fr/?utm_source=diplomeos
PPA SPORT - GRENOBLE,École de gestion et de commerce,Grenoble,admission-grenoble@eductive.frs,eductive.frs,Autre,0476469059,https://www.ppa-sport.fr/?utm_source=diplomeos
PPA SPORT - AIX,École de gestion et de commerce,Aix-en-Provence,aix@eductive.frs,eductive.frs,Autre,33442646200,https://www.ppa-sport.fr/?utm_source=diplomeos
PPA SPORT - LILLE,École de gestion et de commerce,Lille,admissions.euralille@eductive.frs,eductive.frs,Autre,33320060289,https://www.ppa-sport.fr/?utm_source=diplomeos
PPA SPORT - LYON,École de gestion et de commerce,Lyon,j.ventosa@sciences-u.frs,sciences-u.frs,Autre,33426290112,https://www.ppa-sport.fr/?utm_source=diplomeos
PPA SPORT - TOULOUSE,École de gestion et de commerce,Toulouse,admission@eductive.frs,eductive.frs,Autre,33532660036,https://www.ppa-sport.fr/?utm_source=diplomeos
ESGI - ECOLE SUPERIEURE DE GENIE INFORMATIQUE - NANTES,École d'ingénierie informatique,Nantes,admissions.esgi-nantes@eductive.frs,eductive.frs,Autre,33613964995,https://www.esgi.fr/?utm_source=diplomeos
MODART INTERNATIONAL - LILLE,"Design, Graphisme, 3D, Vidéo, Mode",Lille,admissions.euralille@eductive.frs,eductive.frs,Autre,33320060289,https://modart-paris.com/?utm_source=diplomeos
ICAN - Institut de création et d'animation numériques - LILLE,École de jeux vidéo et d'animation,Lille,admissions.ican-lillenium@eductive.frs,eductive.frs,Autre,33320400012,https://www.ican-design.fr/?utm_source=diplomeos
"ECITV - La Grande École du Digital, du Web et de l’Audiovisuel en alternance - LILLE",,Lille,admissions-lillenium@eductive.frs,eductive.frs,Autre,33320400012,Non trouvé
EIML - ECOLE INTERNATIONALE DE MARKETING DU LUXE - LILLE,École spécialisée,Lille,admissions.euralille@eductive.frs,eductive.frs,Autre,33320060289,https://www.eiml-paris.fr/?utm_source=diplomeos
EIML - ECOLE INTERNATIONALE DE MARKETING DU LUXE - AIX,École spécialisée,Aix-en-Provence,admissions.eiml-aix@eductive.frs,eductive.frs,Autre,33442646200,https://www.eiml-paris.fr/?utm_source=diplomeos
WIS Rennes,École de l'internet,Rennes,contact.rennes@ecoles-wis.frs,ecoles-wis.frs,Éducation,33285523310,https://www.wis-ecoles.com/?utm_source=diplomeo&utm_medium=Annuaire&utm_campaign=diplomeo_2024&utm_content=ANNUAIRE_diplomeo?utm_source=diplomeos
Alterneo - Paris,École de gestion et de commerce,Paris 20e,admission@alterneoecole.frs,alterneoecole.frs,Éducation,33186902056,https://alterneoecole.fr/?utm_source=diplomeos
IET - L’Institut des métiers de l’Environnement et de la Transition écologique - Lyon,École spécialisée,Lyon,contact.lyon@iet.frs,iet.frs,Autre,0472851825,https://www.iet.fr/?utm_source=diplomeo&utm_medium=annuaire&utm_campaign=iet_2022_2023&utm_content=ANNUAIRE_diplomeo?utm_source=diplomeos
IET - L’Institut des métiers de l’Environnement et de la Transition écologique - Nantes,École des métiers de l'agrobusiness et de l'environnement,Nantes,contact.nantes@iet.frs,iet.frs,Autre,33285521664,https://www.iet.fr/?utm_source=diplomeo&utm_medium=annuaire&utm_campaign=iet_2022_2023&utm_content=ANNUAIRE_diplomeo?utm_source=diplomeos
MBway - Paris Sud,École de gestion et de commerce,Boulogne-Billancourt,parissud@mbway.coms,mbway.coms,Autre,33141099924,https://www.mbway.com/?utm_source=diplomeos
ESIEE-IT - Ecole de l'expertise numérique,École d'ingénieurs,Pontoise,admissions@esiee-it.frs,esiee-it.frs,Autre,33130753636,https://www.esiee-it.fr/fr?utm_source=Diplomeo&utm_medium=mini-site&utm_campaign=2022-Ecole-Formations-Diplomeo?utm_source=diplomeos
Ecole IT - Campus de Valenciennes,École d'ingénierie informatique,Valenciennes,megane.pagniez@ecole-it.coms,ecole-it.coms,Éducation,33374014047,https://ecole-it.com/?utm_source=diplomeos
Ecole IT - Campus d'Orléans,École de l'internet,Orléans,sonia.derriennic@ecole-it.coms,ecole-it.coms,Éducation,33246915071,https://ecole-it.com/?utm_source=diplomeos
SUP DE VINCI - Rennes,École d'ingénierie informatique,Rennes,lena.queguiner@supdevinci.frs,supdevinci.frs,Autre,33623996791,https://www.supdevinci.fr/?utm_source=diplomeos
ICAN - Institut de création et d'animation numériques - LYON,École spécialisée,Lyon,admissions.ican-lyon@eductive.frs,eductive.frs,Autre,33426290106,https://www.ican-design.fr/?utm_source=diplomeos
MAESTRIS BTS - PARIS,École spécialisée,Paris,paris@maestris.coms,maestris.coms,Autre,0141171212,https://www.maestris-bts.com/campus/paris/?utm_source=diplomeos
L'École Française,Centre de formation professionnelle,Paris,administration@lecolefrancaise.frs,lecolefrancaise.frs,Éducation,0186520577,https://lecolefrancaise.fr/?utm_source=diplomeos
HTBS - Brest,École hôtelière,Brest,service.admissions@brest-opencampus.coms,brest-opencampus.coms,Autre,0298492299,https://brest-opencampus.com/?utm_source=diplomeos
Institut Supérieur du Droit - Campus Paris,École de droit et des métiers juridiques,Paris,contact@ecoleisd.coms,ecoleisd.coms,Éducation,33140704615,https://institutsuperieurdudroit.fr?utm_source=diplomeos
Centre de Formation d'Apprentis numiA,Centre de formation d'apprentis,Paris 13e,contact@cfa-numia.frs,cfa-numia.frs,Autre,0176915913,https://www.cfa-afia.com/?utm_source=diplomeos
AFOREM Le Mans,École de gestion et de commerce,Le Mans,elodie.foucault@aforem.coms,aforem.coms,Autre,33243882942,https://www.aforem.fr/?utm_source=Diplomeo&utm_medium=pagecampus?utm_source=diplomeos
IFAG - Institut de formation aux affaires et à la gestion - Montpellier,École de gestion et de commerce,Montpellier,montpellier@ifag.coms,ifag.coms,Autre,33411934695,Non trouvé
EPSI Auxerre,École d'ingénierie informatique,Auxerre,recrutement.es@pole-formation.nets,pole-formation.nets,Professionnel générique,33650792430,https://www.epsi.fr/campus/campus-de-auxerre/?utm_source=diplomeos
IEFT - Institut européen de formation au tourisme - Bordeaux,Autre établissement d'enseignement,Bordeaux,contact.bordeaux@ecoles-ieft.frs,ecoles-ieft.frs,Éducation,33535544971,Non trouvé
IEFT - Institut européen de formation au tourisme - Nantes,Autre établissement d'enseignement,Nantes,infonantes@ieftourisme.coms,ieftourisme.coms,Autre,33285523130,Non trouvé
IHEDREA - L'école de l'Agri et de l'Agro Management - Toulouse,École spécialisée,Balma,contact@toulouse.ihedrea.orgs,toulouse.ihedrea.orgs,Autre,33616304263,https://www.ihedrea.org/?utm_source=diplomeo&utm_medium=annuaire&utm_campaign=IHEDREA_2022_2023&utm_content=ANNUAIRE_diplomeo?utm_source=diplomeos
Ecole supérieure européenne de management en alternance - Clermont-Ferrand,École de gestion et de commerce,Aubière,clermont@ecema.frs,ecema.frs,Autre,33444053131,https://diplomeo.com/etablissement-ecole_superieure_europeenne_de_management_en_alternance_clermont_ferrand-12113?utm_source=diplomeos
Ecole supérieure européenne de management en alternance - Bourges,École de gestion et de commerce,Bourges,bourges@ecema.frs,ecema.frs,Autre,33218810178,https://info.ecema.fr/rentree-bourges-diplomeo-site/?utm_source=diplomeos
Eucléa Business School - Metz,École de gestion et de commerce,Metz,metz@euclea-bs.coms,euclea-bs.coms,Autre,33374954680,https://info.euclea-business-school.com/rentree-metz-1782/?utm_source=diplomeos
IGEFI - Paris,École de gestion et de commerce,Courbevoie,silemani.konate@igefi.frs,igefi.frs,Autre,33626650975,https://www.igefi.net/formations/panorama-des-etudes-2-2/#utm_source=DIPLOMEO&utm_medium=Annauaire&utm_campaign=IFAG2021&utm_content=ANNUAIRE_DIPLOMEO?utm_source=diplomeos
IGEFI - Lyon,École de gestion et de commerce,Lyon 9e,contact-lyon@igefi.nets,igefi.nets,Autre,33620064817,https://www.igefi.net/formations/panorama-des-etudes-2-2/#utm_source=DIPLOMEO&utm_medium=Annauaire&utm_campaign=IFAG2021&utm_content=ANNUAIRE_DIPLOMEO?utm_source=diplomeos
IGEFI - Bordeaux,École de gestion et de commerce,Bordeaux,canelle.tape@igefi.frs,igefi.frs,Autre,33677135489,https://www.igefi.net/formations/panorama-des-etudes-2-2/#utm_source=DIPLOMEO&utm_medium=Annauaire&utm_campaign=IFAG2021&utm_content=ANNUAIRE_DIPLOMEO?utm_source=diplomeos
ICL - L'école des Business Developers - Campus de Nantes,École de gestion et de commerce,Nantes,info@icl.frs,icl.frs,Autre,33788292826,Non trouvé
EFHT Paris,École hôtelière,Paris,etudiant@efht.frs,efht.frs,Autre,33145262625,https://www.efht.fr/?utm_source=diplomeos
ESI Business School - Bordeaux,École de gestion et de commerce,Bordeaux,admission-esi@groupe-gema.coms,groupe-gema.coms,Professionnel générique,33139711212,https://www.esi-business-school.com?utm_source=diplomeos
ESGI - ECOLE SUPERIEURE DE GENIE INFORMATIQUE - Toulouse,École d'ingénierie informatique,Toulouse,admissions.esgi-toulouse@eductive.frs,eductive.frs,Autre,0635155000,Non trouvé
Alternis Business School,École de gestion et de commerce,Bordeaux,quentin.guiette@alternis-bs.coms,alternis-bs.coms,Autre,33783534899,https://alternis-bs.com/?utm_source=diplomeos
ESG Act,École de gestion et de commerce,Paris 11e,admissions-paris@esg-act.orgs,esg-act.orgs,Autre,33140090603,https://www.esg-act.org/?utm_source=diplomeos
Ecole Pigier - Reims,École de gestion et de commerce,Reims,reims@pigier.coms,pigier.coms,Autre,0353630063,https://www.pigier.com/ecole-commerce-reims?utm_source=diplomeos
Studency,École de gestion et de commerce,Paris 15e,studency@ikigai-education.coms,ikigai-education.coms,Autre,0185000177,https://studency.io/?utm_source=diplomeos
ESI Business School - Aix,École de gestion et de commerce,Aix-en-Provence,admission-esi@groupe-gema.coms,groupe-gema.coms,Professionnel générique,33139711212,https://www.esi-business-school.com?utm_source=diplomeos
ESI Business School - Lille,École de gestion et de commerce,Lille,admission-esi@groupe-gema.coms,groupe-gema.coms,Professionnel générique,33139711212,https://www.esi-business-school.com?utm_source=diplomeos
ESI Business School - Nantes,École de gestion et de commerce,Nantes,admission-esi@groupe-gema.coms,groupe-gema.coms,Professionnel générique,33139711212,https://www.esi-business-school.com?utm_source=diplomeos
Euridis Business School - Campus de Lyon - Confluence,École de gestion et de commerce,Lyon 2e,admission@euridis-ecole.eus,euridis-ecole.eus,Éducation,33484880193,https://www.euridis-ecole.com/?utm_source=diplomeo&utm_medium=fiche-ecole&utm_campaign=20&utm_term=lyon?utm_source=diplomeos
Euridis Business School - Campus de Paris - Canal Saint Martin,École de gestion et de commerce,Paris,admission@euridis-ecole.eus,euridis-ecole.eus,Éducation,33183710351,https://www.euridis-ecole.com/?utm_source=diplomeo&utm_medium=fiche-ecole&utm_campaign=20&utm_term=paris?utm_source=diplomeos
Digital College - Lille,École de l'internet,Villeneuve-d'Ascq,contact@digital-college.frs,digital-college.frs,Éducation,33374958460,https://digital-college.fr?utm_source=diplomeos
ISA - l’institut supérieur d’audiovisuel - Paris,"École de photo, audiovisuel, cinéma",Paris,abaulac@reseau-ges.frs,reseau-ges.frs,Autre,33142381095,https://isa-paris.com/?utm_source=diplomeo&utm_medium=fiche-ecole&utm_campaign=campagne-2023-2024-campus-paris&utm_content=texte-home?utm_source=diplomeos
Holberton Lille,École d'ingénierie informatique,Roubaix,clementine@holbertonschool.coms,holbertonschool.coms,Autre,33366884039,https://www.holbertonschool.fr/campus/lille?utm_source=DIPLOMEO&utm_medium=bannierecta&utm_campaign=2024?utm_source=diplomeos
Holberton Paris,École d'ingénierie informatique,Paris,idf-staff@holbertonschool.coms,holbertonschool.coms,Autre,33176311213,https://www.holbertonschool.fr/campus/paris?utm_source=DIPLOMEO&utm_medium=bannierecta&utm_campaign=2024?utm_source=diplomeos
Holberton Laval,École d'ingénierie informatique,Laval,clementine@holbertonschool.coms,holbertonschool.coms,Autre,33252860120,https://www.holbertonschool.fr/campus/laval?utm_source=DIPLOMEO&utm_medium=bannierecta&utm_campaign=2024?utm_source=diplomeos
PPA BUSINESS SCHOOL - Toulon,École de gestion et de commerce,Toulon,toulon@eductive.frs,eductive.frs,Autre,33494923284,https://www.ppa.fr?utm_source=diplomeos
SUP DE VINCI - Bordeaux,École d'ingénierie informatique,Bordeaux,bordeaux@supdevinci.frs,supdevinci.frs,Autre,0535548764,https://www.supdevinci.fr/?utm_source=diplomeos
MAESTRIS BTS - NANTES,École spécialisée,Nantes,toulon@maestris.coms,maestris.coms,Autre,33494923284,https://www.maestris-bts.com/campus/toulon/?utm_source=diplomeos
MAESTRIS BTS - TOULOUSE,École spécialisée,Toulouse,aix-en-pce@maestris.coms,maestris.coms,Autre,33532660036,https://www.maestris-bts.com/campus/aix-en-provence/?utm_source=diplomeos
Ecole Supérieure de Logistique Industrielle Paris,Autre établissement d'enseignement,Cachan,contact@gip-cei.coms,gip-cei.coms,Autre,33187665837,https://gip-cei.com/esli-paris/?utm_source=diplomeos
Rocket School - Paris,École de gestion et de commerce,Paris 12e,contact@rocket-school.coms,rocket-school.coms,Autre,0176420645,https://rocket-school.com/?utm_source=diplomeos
Ecole Supérieure des Technologies Industrielles Redon,Autre établissement d'enseignement,Redon,contact@gip-cei.coms,gip-cei.coms,Autre,33299716020,https://gip-cei.com/esti/?utm_source=diplomeos
Holberton Toulouse,École d'ingénierie informatique,Toulouse,clementine@holbertonschool.coms,holbertonschool.coms,Autre,33582880603,https://www.holbertonschool.fr/campus/toulouse?utm_source=DIPLOMEO&utm_medium=bannierecta&utm_campaign=2024?utm_source=diplomeos
EFAB IMMOBILIER - NANTES,École des métiers de l'immobilier,Nantes,lyon@efab.frs,efab.frs,Autre,0613964995,https://www.efab.fr/campus/campus-lyon/?utm_source=diplomeos
EFAB  IMMOBILIER - Toulouse,École des métiers de l'immobilier,Toulouse,toulouse@efab.frs,efab.frs,Autre,0532660036,https://www.efab.fr/campus/campus-grenoble/?utm_source=diplomeos
IFAMS,École de santé,Paris,contact@ifams.frs,ifams.frs,Autre,0188406080,https://ifams.fr/?utm_source=diplomeos
WIS Arras,École de l'internet,Arras,julien.houriez@campus-cd.coms,campus-cd.coms,Autre,33321713334,https://www.wis-ecoles.com/campus/campus-wis-arras/?utm_source=diplomeos
NEXA - Bordeaux,École de l'internet,Bordeaux,admission-bordeaux@doranco.frs,doranco.frs,Autre,33554073020,https://www.nexa.fr/?utm_source=diplomeos
IEFT - Institut européen de formation au tourisme - Montpellier,Autre établissement d'enseignement,Montpellier,noemie.lefebvre@ecoles-ieft.frs,ecoles-ieft.frs,Éducation,33611861343,Non trouvé
Eucléa Business School - Mulhouse,École de gestion et de commerce,Mulhouse,mulhouse@euclea-bs.coms,euclea-bs.coms,Autre,33389562128,https://info.euclea-business-school.com/rentree-mulhouse-1782/?utm_source=diplomeos
Eucléa Business School - Reims,École de gestion et de commerce,Reims,reims@euclea-bs.coms,euclea-bs.coms,Autre,33353480606,https://info.euclea-business-school.com/rentree-reims-1782/?utm_source=diplomeos
MJM Graphic Design - Marseille,"Design, Graphisme, 3D, Vidéo, Mode",Marseille,marseille@mjm-design.coms,mjm-design.coms,Autre,0491313333,https://www.mjm-design.com/ecole/marseille?utm_source=diplomeos
IGEFI - Nantes,École de gestion et de commerce,Nantes,contact-nantes@igefi.nets,igefi.nets,Autre,33285526441,https://www.igefi.net/formations/panorama-des-etudes-2-2/#utm_source=DIPLOMEO&utm_medium=Annauaire&utm_campaign=IFAG2021&utm_content=ANNUAIRE_DIPLOMEO?utm_source=diplomeos
ESDAC Paris,"Design, Graphisme, 3D, Vidéo, Mode",Paris 5e,info@esdac-paris.frs,esdac-paris.frs,Éducation,33187044700,https://ecole-esdac.com/?utm_source=diplomeo&utm_medium=referral&utm_campaign=minisite?utm_source=diplomeos
MyDigitalSchool - Nancy,École de l'internet,Nancy,nancy@mydigitalschool.coms,mydigitalschool.coms,Autre,33368890202,Non trouvé
IFEC -  institut franco-européen de chiropraxie - Paris,École de santé,Ivry-sur-Seine,contact@ifec.nets,ifec.nets,Autre,33145158910,https://www.ifec.net?utm_source=diplomeos
IFEC -  institut franco-européen de chiropraxie - Toulouse,École de santé,Toulouse,contact@ifec.nets,ifec.nets,Autre,0561162310,https://www.ifec.net?utm_source=diplomeos
Studio M - Angers,École d'art,Angers,contact-angers@studio-m.frs,studio-m.frs,Autre,33252210847,https://www.studio-m.fr/?utm_source=diplomeos
CMH - Centre de Management Hôtelier International Paris,École hôtelière,Paris,info@cmh-paris.frs,cmh-paris.frs,Autre,0145265928,https://cmh-academy.com/?utm_source=diplomeo&utm_medium=referral&utm_campaign=minisite_paris?utm_source=diplomeos
Itecom Art Design - Aix-en-Provence,École d'art,Aix-en-Provence,contactaix@itecom-artdesign.coms,itecom-artdesign.coms,Autre,0486118959,https://www.itecom-artdesign.com?utm_source=diplomeos
Asteria - Rungis,École hôtelière,Chevilly-Larue,contact@asteria-bs.coms,asteria-bs.coms,Autre,33185011696,https://info.asteria-business-school.com/asteria-diplomeo-site/?utm_source=diplomeos
Studio M - Béziers,École d'art,Béziers,contact@cime-art.coms,cime-art.coms,Autre,33448140460,https://www.studio-m.fr/?utm_source=diplomeos
Asteria - Strasbourg,École hôtelière,Schiltigheim,contact@asteria-bs.coms,asteria-bs.coms,Autre,33185011696,https://info.asteria-business-school.com/asteria-diplomeo-site/?utm_source=diplomeos
Purple Campus - Tarbes,Centre de formation d'apprentis,Tarbes,tarbes@purple-campus.coms,purple-campus.coms,Autre,33562934060,https://www.purple-campus.com/?utm_source=diplomeos
Purple Campus - Foix,Centre de formation d'apprentis,Foix,foix@purple-campus.coms,purple-campus.coms,Autre,33561020340,https://www.purple-campus.com/?utm_source=diplomeos
Purple Campus - Mende,Centre de formation d'apprentis,Mende,mende@purple-campus.coms,purple-campus.coms,Autre,3466494397,https://www.purple-campus.com/?utm_source=diplomeos
Purple Campus - Cahors,Centre de formation d'apprentis,Cahors,cahors@purple-campus.coms,purple-campus.coms,Autre,33565203534,https://www.purple-campus.com/?utm_source=diplomeos
Purple Campus - Albi,Centre de formation d'apprentis,Albi,albi@purple-campus.coms,purple-campus.coms,Autre,0563496696,https://www.purple-campus.com/?utm_source=diplomeos
Paris School of Technology & Business,Autre établissement d'enseignement,Paris 11e,paris@pstb.frs,pstb.frs,Autre,33612841124,https://www.pstb.fr/?utm_source=diplomeos
PEM Éducation,École de gestion et de commerce,Puteaux,contact@paris-em.frs,paris-em.frs,Autre,33184784982,Non trouvé
IHECF - Angers,École spécialisée,Angers,angers@ihecf.frs,ihecf.frs,Autre,0241732030,https://www.ihecf.fr/?utm_source=diplomeos
IHECF - Paris,École spécialisée,Versailles,paris@ihecf.frs,ihecf.frs,Autre,0141081000,https://www.ihecf.fr/?utm_source=diplomeos
IFIC,École de communication,Vichy,accueil@ific-formations.coms,ific-formations.coms,Professionnel générique,33473756914,https://ific-formations.com/?utm_source=diplomeos
School of Impact,École spécialisée,Paris 12e,admissions@school-of-impact.coms,school-of-impact.coms,Autre,0176351259,https://school-of-impact.com/?utm_source=diplomeos
EPF - Saint-Nazaire,École d'ingénieurs,Saint-Nazaire,communication@epf.frs,epf.frs,Autre,33499654181,Non trouvé
Klima School,École de gestion et de commerce,Puteaux,admissions@klimaschool.coms,klimaschool.coms,Autre,0665741186,https://www.klimaschool.com/?utm_source=diplomeos
Cyber Management School - Paris,Autre établissement d'enseignement,Paris,admission-cyber@groupe-gema.coms,groupe-gema.coms,Professionnel générique,33139711212,https://www.cyber-management-school.com/?utm_source=diplomeos
Cyber Management School - Lyon,Autre établissement d'enseignement,Lyon,admission-cyber@groupe-gema.coms,groupe-gema.coms,Professionnel générique,33139711212,https://www.cyber-management-school.com/?utm_source=diplomeos
Cyber Management School - Lille,Autre établissement d'enseignement,Lille,admission-cyber@groupe-gema.coms,groupe-gema.coms,Professionnel générique,33139711212,https://www.cyber-management-school.com/ecole/nos-campus/lille/?utm_source=diplomeos
SUP DE VINCI - Nantes,École d'ingénierie informatique,Nantes,contact@supdevinci.frs,supdevinci.frs,Autre,33623996791,https://www.supdevinci.fr/?utm_source=diplomeos
Cesacom Nantes,École de communication,Nantes,nantes@cesacom.frs,cesacom.frs,Autre,33252569090,https://www.cesacom.fr/?utm_source=diplomeos
Institut De Relooking International,Autre établissement d'enseignement,Paris 14e,admissions@institutderelooking.coms,institutderelooking.coms,Autre,0141171225,https://www.institutderelooking.com/?utm_source=diplomeo&utm_medium=fiche-ecole&utm_campaign=campagne-2023-2024-campus-paris&utm_content=texte-home?utm_source=diplomeos
IFAG - Institut de formation aux affaires et à la gestion - Le Mans,École de gestion et de commerce,Le Mans,contact.lemans@ifag.frs,ifag.frs,Autre,33611785907,https://www.ifag.com/campus/le-mans?utm_source=diplomeos
IET - L’Institut des métiers de l’Environnement et de la Transition écologique - Auxerre,Autre établissement d'enseignement,Auxerre,recrutement.es@pole-formation.nets,pole-formation.nets,Professionnel générique,33631398536,https://www.iet.fr/campus/auxerre?utm_source=diplomeos
ILERI - L’Institut Libre des Relations Internationales et des Sciences Politiques  - Bordeaux,École spécialisée,Bordeaux,admissions.bordeaux@ileri.frs,ileri.frs,Autre,05535544206,https://www.ileri.fr/campus/bordeaux?utm_source=Diplomeo&utm_medium=ANNUAIRE&utm_campaign=Annuaire_2024_2025&utm_content=ANNUAIRE_Diplomeo?utm_source=diplomeos
ILERI - L’Institut Libre des Relations Internationales et des Sciences Politiques  - Nice,École spécialisée,Nice,dmissions.nice@ileri.frs,ileri.frs,Autre,33487870607,https://www.ileri.fr/campus/nice?utm_source=Diplomeo&utm_medium=annuaire&utm_campaign=ILERI-25-26&utm_content=Annuaire-Diplomeo?utm_source=diplomeos
ISA - l’institut supérieur d’audiovisuel - Lille,"École de photo, audiovisuel, cinéma",Lille,admissions-lillenium@eductive.frs,eductive.frs,Autre,33320400012,https://isa-paris.com/?utm_source=diplomeos
ISA - l’institut supérieur d’audiovisuel - Lyon,"École de photo, audiovisuel, cinéma",Lyon 8e,a.marcel@sciences-u.frs,sciences-u.frs,Autre,33426290132,https://isa-paris.com/?utm_source=diplomeos
ISME Vannes,École de gestion et de commerce,Vannes,contact-vannes@isme.frs,isme.frs,Autre,33252565656,https://www.isme.fr/?utm_source=diplomeos
EDBS - Toulouse,École de gestion et de commerce,Toulouse,admission@eductive.frs,eductive.frs,Autre,33532660036,https://www.eductive-dbs.fr/?utm_source=diplomeos
ESI Business School - Montpellier,École de gestion et de commerce,Montpellier,admission-esi@groupe-gema.coms,groupe-gema.coms,Professionnel générique,33139711212,https://www.esi-business-school.com?utm_source=diplomeos
ESI Business School - Toulouse,École de gestion et de commerce,Toulouse,admission-esi@groupe-gema.coms,groupe-gema.coms,Professionnel générique,33139711212,https://www.esi-business-school.com?utm_source=diplomeos
NEXA - Nantes,École de l'internet,Nantes,admission-nantes@doranco.frs,doranco.frs,Autre,33234880351,https://www.nexa.fr/campus/nantes?utm_source=diplomeos
ESCM - Colmar,École de gestion et de commerce,Colmar,renseignement@escm-ecole.frs,escm-ecole.frs,Éducation,33389712936,https://escm-ecole.fr/?utm_source=diplomeos
IGEFI - Lille,École de gestion et de commerce,Lille,theo.rousselle@igefi.frs,igefi.frs,Autre,33643801987,https://www.igefi.net/formations/panorama-des-etudes-2-2/#utm_source=DIPLOMEO&utm_medium=Annauaire&utm_campaign=IFAG2021&utm_content=ANNUAIRE_DIPLOMEO?utm_source=diplomeos
MAESTRIS BTS - RENNES,École spécialisée,Rennes,rennes@eductive.frs,eductive.frs,Autre,33219139001,https://www.maestris-bts.com/?utm_source=diplomeos
EFAB IMMOBILIER - RENNES,École des métiers de l'immobilier,Rennes,rennes@eductive.frs,eductive.frs,Autre,33219139001,https://www.efab.fr/?utm_source=diplomeos
PPA BUSINESS SCHOOL - RENNES,École de gestion et de commerce,Rennes,rennes@eductive.frs,eductive.frs,Autre,33219139001,https://www.ppa.fr/campus-rennes.html?utm_source=diplomeos
ESGI - ECOLE SUPERIEURE DE GENIE INFORMATIQUE - RENNES,École d'ingénierie informatique,Rennes,rennes@eductive.frs,eductive.frs,Autre,33219139001,https://www.esgi.fr/campus-rennes.html?utm_source=diplomeos
EFET STUDIOCREA - RENNES,"Design, Graphisme, 3D, Vidéo, Mode",Rennes,rennes@eductive.frs,eductive.frs,Autre,33219139001,https://www.efet-studiocrea.com/campus/rennes/?utm_source=diplomeos
ESA La Roche sur Yon,École de gestion et de commerce,La Roche-sur-Yon,larochesuryon@esa-campus.frs,esa-campus.frs,Autre,0251622209,https://ecolesuperieurealternance.fr/?utm_source=diplomeos
EFFICOM RH - Paris,École de ressources humaines,Paris,paris@efficom.frs,efficom.frs,Autre,33141171212,https://www.efficom.fr/business_school/?utm_source=diplomeos
EFFICOM RH - Lille,Autre établissement d'enseignement,Lille,admissions.euralille@eductive.frs,eductive.frs,Autre,33320060289,https://www.efficom.fr/business_school/?utm_source=diplomeos
ASCENCIA Business School - Saint-Denis - Aubervilliers,École de gestion et de commerce,Aubervilliers,contact@ascencia-bs.coms,ascencia-bs.coms,Autre,33184870730,https://info.ascencia-business-school.com/saint-denis-aubervilliers-1782-diplomeo-site/?utm_source=diplomeos
EXCHANGE COLLEGE- Lille,École de gestion et de commerce,Villeneuve-d'Ascq,contact@exchange-college.coms,exchange-college.coms,Éducation,33374285012,https://info.exchange-college.com/rentree-exchange-college-x-diplomeo-site/?utm_source=diplomeos
CFA Cogefi Formation,École de gestion et de commerce,Champs-sur-Marne,contact@cogefi.coms,cogefi.coms,Autre,0164687764,https://cogefi.com/?utm_source=diplomeos
IPSSI - Lyon,École de l'internet,Lyon 3e,admissions@ecole-ipssi.coms,ecole-ipssi.coms,Éducation,33155432665,https://ecole-ipssi.com/ecole-informatique-lyon//?utm_source=diplomeo&utm_medium=directory&utm_campaign=BRAND_pres_lyn?utm_source=diplomeos
IPSSI - Montpellier,École de l'internet,Montpellier,admissions@ecole-ipssi.coms,ecole-ipssi.coms,Éducation,33155432665,https://ecole-ipssi.com/ecole-informatique-montpellier/?utm_source=diplomeo&utm_medium=directory&utm_campaign=BRAND_pres_mtp?utm_source=diplomeos
IPSSI - Nice,École de l'internet,Nice,admissions@ecole-ipssi.coms,ecole-ipssi.coms,Éducation,33155432665,https://ecole-ipssi.com/ecole-informatique-nice/?utm_source=diplomeo&utm_medium=directory&utm_campaign=BRAND_pres_nie?utm_source=diplomeos
ISMAC (Institut supérieur de management et de la communication),École de gestion et de commerce,Paris,contact@ismac.frs,ismac.frs,Autre,0981959372,https://www.ismac.fr/?utm_source=diplomeos
Digital College - Nantes,École de l'internet,Nantes,contact@digital-college.frs,digital-college.frs,Éducation,33155230804,https://digital-college.fr?utm_source=diplomeos
Pigier Lille,École de gestion et de commerce,Lille,lille@pigier.coms,pigier.coms,Autre,33366060506,https://www.pigier.com/ecole-commerce-lille?utm_source=diplomeos
Holberton Thonon-les-Bains,École d'ingénierie informatique,Thonon-les-Bains,clementine@holbertonschool.coms,holbertonschool.coms,Autre,0176311213,https://www.holbertonschool.fr/campus/thonon?utm_source=DIPLOMEO&utm_medium=bannierecta&utm_campaign=2024?utm_source=diplomeos
Euridis Business School - Campus de Montpellier,École de gestion et de commerce,Montpellier,admission-montpellier@euridis-ecole.eus,euridis-ecole.eus,Éducation,33661136748,https://www.euridis-ecole.com/campus/ecole-de-commerce-a-montpellier/?utm_source=diplomeos
EEMI - Ecole Européenne des Metiers de l'Internet - Lyon,École de l'internet,Lyon 2e,admission@eemi.coms,eemi.coms,Autre,33767547625,Non trouvé
EEMI - Ecole Européenne des Metiers de l'Internet - Orléans,École de l'internet,Orléans,admission@eemi.coms,eemi.coms,Autre,33767547625,https://www.eemi.com/?utm_source=diplomeos
ISCOM - Institut Supérieur de Communication et Publicité - Nice,École de communication,Nice,fanny.vaude@iscom.frs,iscom.frs,Autre,33423320415,https://www.iscom.fr/fr/iscom-nice?utm_source=diplomeos
Holberton Bordeaux,École d'ingénierie informatique,Bordeaux,clementine@holbertonschool.coms,holbertonschool.coms,Autre,33582880603,https://www.holbertonschool.fr/campus/bordeaux?utm_source=DIPLOMEO&utm_medium=bannierecta&utm_campaign=2024?utm_source=diplomeos
ECOLE SUPERIEURE DE CONDUITE DE TRAVAUX (ESCT) - Strasbourg,École spécialisée,Strasbourg,communication@esct.frs,esct.frs,Autre,33367103298,https://esct.fr/?utm_source=diplomeos
L’école internationale du management responsable - 3A- Campus Bordeaux,École de gestion et de commerce,Bordeaux,contact.bordeaux@ecole3a.edus,ecole3a.edus,Éducation,0582952297,https://www.ecole3a.edu/campus/paris?utm_source=Diplomeo&utm_medium=annuaire&utm_id=Diplomeo&utm_content=ANNUAIRE_Diplomeo?utm_source=diplomeos
Purple Campus - Perpignan,Centre de formation professionnelle,Perpignan,perpignan@purple-campus.coms,purple-campus.coms,Autre,33468566220,Non trouvé
Purple Campus - Montpellier,,Montpellier,montpellier@purple-campus.coms,purple-campus.coms,Autre,Non trouvé,Non trouvé
Purple Campus - Béziers,Centre de formation d'apprentis,Béziers,beziers@purple-campus.coms,purple-campus.coms,Autre,33467809709,https://www.purple-campus.com/?utm_source=diplomeos
Purple Campus - Rodez,,Rodez,rodez@purple-campus.coms,purple-campus.coms,Autre,33565755692,https://www.purple-campus.com/?utm_source=diplomeos
Jump - Académie des Métiers du Sport et de l'E-Sport,École de formation sportive,Boulogne-Billancourt,jump@ikigai-education.coms,ikigai-education.coms,Autre,33183752325,https://www.jump-academiedesmetiersdusport.io/?utm_source=diplomeos
Skale Business School,Centre de formation professionnelle,Orléans,admissibles@c3groupe.coms,c3groupe.coms,Professionnel générique,33238427667,https://c3a-france.com/?utm_source=diplomeos
EDTA SORNAS,École de communication,Paris,contact@sornas.frs,sornas.frs,Autre,0183647158,https://edta-sornas.com/?utm_source=diplomeos
"ESIEA, expert·e·s d'un numérique utile - Agen",École d'ingénieurs,Agen,admissions@esiea.frs,esiea.frs,Autre,33536730200,https://www.esiea.fr/?utm_source=diplomeos
"ESIEA, expert·e·s d'un numérique utile - Dax",École d'ingénieurs,Dax,admissions@esiea.frs,esiea.frs,Autre,33536730200,https://www.esiea.fr/?utm_source=diplomeos
Institut IFALP,Autre établissement d'enseignement,Cachan,contact@gip-cei.coms,gip-cei.coms,Autre,33187665837,https://gip-cei.com/ifalp/?utm_source=diplomeos
IFAG - Institut de formation aux affaires et à la gestion - Arras,École de gestion et de commerce,Arras,nicolas.delobel@ifag.frs,ifag.frs,Autre,33623068870,Non trouvé
IHECF Paris Sud,École spécialisée,Boulogne-Billancourt,paris@ihecf.frs,ihecf.frs,Autre,33141081000,https://www.ihecf.fr/ecole-comptabilite-paris?utm_source=diplomeos
Cesacom Le Mans,École de communication,Le Mans,lemans@cesacom.frs,cesacom.frs,Autre,33252568864,https://www.cesacom.fr/?utm_source=diplomeos
Cesacom Bordeaux,École de communication,Bordeaux,aurelie.delest@cesacom.frs,cesacom.frs,Autre,33757688125,https://www.cesacom.fr/?utm_source=diplomeos
IHECF Lyon,École de gestion et de commerce,Lyon 9e,lyon@ihecf.frs,ihecf.frs,Autre,33428270808,https://ihecf.fr/?utm_source=diplomeos
Studio M Strasbourg,"Design, Graphisme, 3D, Vidéo, Mode",Strasbourg,contact-strasbourg@studio-m.frs,studio-m.frs,Autre,0388375900,Non trouvé
Ipac Bachelor Factory Bordeaux,École de gestion et de commerce,Bordeaux,bordeaux@ipacfactory.coms,ipacfactory.coms,Autre,33556333537,https://www.ipacbachelorfactory.com/ecole-commerce-bordeaux?utm_source=diplomeos
École Internationale Tunon - Angers,Lycée GT,Angers,angers@ecoletunon.coms,ecoletunon.coms,Éducation,33259582660,Non trouvé
ESA Cholet,École de gestion et de commerce,Cholet,cholet@esa-campus.frs,esa-campus.frs,Autre,33259101283,https://ecolesuperieurealternance.fr/?utm_source=diplomeos
Créative Business School,Centre de formation professionnelle,Orléans,hello@creative-business-school.coms,creative-business-school.coms,Autre,0258230850,https://creative-business-school.com/?utm_source=diplomeos
ISVM - Institut de Santé du Vivant et du Médico-social - Nantes,École de santé,Nantes,admission@isvm.frs,isvm.frs,Autre,33285521359,Non trouvé
ISME Poitiers,École de gestion et de commerce,Chasseneuil-du-Poitou,s.perrichon@isme.frs,isme.frs,Autre,33533069631,https://www.isme.fr?utm_source=diplomeos
ENSAO,École d'optique,Paris,contact@ensao.frs,ensao.frs,Autre,33176351295,https://www.ensao.fr?utm_source=diplomeos
Groupe ICS (Saint-Maur-des-Fossés),École de gestion et de commerce,Saint-Maur-des-Fossés,info@groupe-ics.frs,groupe-ics.frs,Professionnel générique,33139501420,https://www.groupe-ics.fr/?utm_source=diplomeos
HTBS - Angers,École hôtelière,Trélazé,service.admissions@angers.globalopencampus.coms,angers.globalopencampus.coms,Autre,33253577464,https://htbs.fr/?utm_source=diplomeos
HTBS - Caen,École hôtelière,Saint-Contest,service.admissions@globalopencampus.coms,globalopencampus.coms,Autre,0626431960,https://htbs.fr/?utm_source=diplomeos
Holberton Rennes,École d'ingénierie informatique,Rennes,clementine@holbertonschool.coms,holbertonschool.coms,Autre,0176311213,https://www.holbertonschool.fr/?utm_source=diplomeos
Holberton Dijon,École d'ingénierie informatique,Dijon,clementine@holbertonschool.coms,holbertonschool.coms,Autre,33176311213,https://www.holbertonschool.fr/?utm_source=diplomeos
Holberton Fréjus,École d'ingénierie informatique,Fréjus,clementine@holbertonschool.coms,holbertonschool.coms,Autre,017311213,https://www.holbertonschool.fr/?utm_source=diplomeos
Ecole supérieure européenne de management en alternance - Grenoble,École de gestion et de commerce,Grenoble,grenoble@ecema.frs,ecema.frs,Autre,33487000702,https://info.ecema.fr/rentree-grenoble-diplomeo-site/?utm_source=diplomeos
ESMD,École de droit et des métiers juridiques,Paris 17e,contact@esmd-droit.frs,esmd-droit.frs,Autre,33189164724,https://esmd-droit.fr/?utm_source=diplomeos
Ecole supérieure européenne de management en alternance - Limoges,École de gestion et de commerce,Limoges,limoge@ecema.frs,ecema.frs,Autre,33518061801,https://info.ecema.fr/rentree-limoges-diplomeo-site/?utm_source=diplomeos
I2L Metz,École d'ingénieurs,Metz,contact@i2-logistique.coms,i2-logistique.coms,Autre,Non trouvé,https://info.institut-innovation-logistique.fr/rentree-1782/?utm_source=diplomeos
ESP - Ecole supérieure de publicité - Nantes,École de communication,Nantes,echervy@esp-esd.coms,esp-esd.coms,Autre,33755547009,https://espub.org/?utm_source=diplomeos
ESP - Ecole supérieure de publicité - Lille,École de communication,Lille,cvan-becelaere@esp-esd.coms,esp-esd.coms,Autre,33756799808,https://espub.org/?utm_source=diplomeos
IFA Business School - Metz,École de gestion et de commerce,Metz,agencemetz@ifa-formation.frs,ifa-formation.frs,Professionnel générique,33387740075,https://www.ifa-formation.fr/campus-metz?utm_source=diplomeos
IFA Business School - Nancy,École de gestion et de commerce,Nancy,nancy@ifa-formation.frs,ifa-formation.frs,Professionnel générique,33367700321,https://www.ifa-formation.fr/campus-nancy?utm_source=diplomeos
Euridis Business School - Campus de Strasbourg,École de gestion et de commerce,Strasbourg,admission-strasbourg@euridis-ecole.eus,euridis-ecole.eus,Éducation,0664391338,https://www.euridis-ecole.com/campus/campus-de-strasbourg/?utm_source=diplomeos
GMS - Green Management School - Nice,École de gestion et de commerce,Nice,info@green-management-school.frs,green-management-school.frs,Autre,0189166601,https://green-management-school.fr/?utm_source=diplomeos
SUPDEPROD - Paris,"École de photo, audiovisuel, cinéma",Paris 16e,contact@supdeprod.coms,supdeprod.coms,Autre,33153922300,https://supdeprod.com/?utm_source=diplomeos
Paris School of Sports,Autre établissement d'enseignement,Paris 10e,info@paris-school-sports.coms,paris-school-sports.coms,Autre,33188337351,https://mediaschool-sports.com/paris?utm_source=diplomeos
ETS Ecole Européenne,École de gestion et de commerce,Paris 17e,ets@ecole-europeenne.coms,ecole-europeenne.coms,Éducation,0144292360,https://www.ecole-europeenne.com/?utm_source=diplomeos
PSTC - Paris School of Tourism & Communication,École de communication,Paris 8e,info@ecole-pstc.frs,ecole-pstc.frs,Éducation,0142615851,https://ecole-pstc.fr/?utm_source=diplomeos
Paris BTS,École de gestion et de commerce,Paris 10e,campus@paris-bts.coms,paris-bts.coms,Autre,33143180706,Non trouvé
Skale Business School Antony,Centre de formation professionnelle,Antony,admissibles@skale-france.coms,skale-france.coms,Autre,33142371234,https://skale-france.com/?utm_source=diplomeos
Paris School of Luxury,École de gestion et de commerce,Paris 8e,info@paris-school-luxury.coms,paris-school-luxury.coms,Autre,33155740384,https://paris-school-luxury.com/?utm_source=diplomeos
Ipac Bachelor Factory de Lyon,École de gestion et de commerce,Lyon 7e,lyon@ipacfactory.coms,ipacfactory.coms,Autre,33451620727,https://www.ipacbachelorfactory.com/ecole-commerce-lyon?utm_source=diplomeos
ESIS Lille - Ecole Supérieure de l'Image et du Son,"École de photo, audiovisuel, cinéma",Lille,admissions.esis-lillenium@eductive.frs,eductive.frs,Autre,33142381095,https://www.esis-paris.fr/?utm_source=diplomeo&utm_medium=fiche-ecole&utm_campaign=campagne-2023-2024-campus-paris&utm_term=texte-home?utm_source=diplomeos
"ECITV - Ecole du Web, du Digital et de l’Audiovisuel - Rennes",École de l'internet,Rennes,admissions@ecitv.frs,ecitv.frs,Autre,33144230045,Non trouvé
ESIS Lyon - Ecole Supérieure de l'Image et du Son,"École de photo, audiovisuel, cinéma",Lyon 3e,admissions.esis-lyon@eductive.frs,eductive.frs,Autre,33142381095,https://www.esis-paris.fr/?utm_source=diplomeo&utm_medium=fiche-ecole&utm_campaign=campagne-2023-2024-campus-paris&utm_term=texte-home?utm_source=diplomeos
ISA - l’institut supérieur d’audiovisuel - Toulouse,"École de photo, audiovisuel, cinéma",Toulouse,admissions.toulouse@eductive.frs,eductive.frs,Autre,Non trouvé,https://isa-paris.com/?utm_source=diplomeos
"ECITV - La Grande École du Digital, du Web et de l’Audiovisuel - Toulon",École de l'internet,Toulon,admissions.ecitv-toulon@eductive.frs,eductive.frs,Autre,33320400012,Non trouvé
Ecole Supérieure des Professions Immobilières - ESPI Lille,École des métiers de l'immobilier,Lille,lille@groupe-espi.frs,groupe-espi.frs,Professionnel générique,0748106547,https://groupe-espi.fr/campus/espi-lille/?utm_source=diplomeos
Ecole Supérieure des Professions Immobilières - ESPI Montpellier,École des métiers de l'immobilier,Montpellier,montpellier@groupe-espi.frs,groupe-espi.frs,Professionnel générique,33467158819,https://groupe-espi.fr/campus/espi-montpellier/?utm_source=diplomeos
L’École Hermès des savoir-faire - Pôle de Franche-Comté - Allenjoie,Centre de formation d'apprentis,Allenjoie,cfa@hermes.coms,hermes.coms,Autre,Non trouvé,https://ecole.hermes.com/lecole/?utm_source=Diplomeo&utm_medium=backlink&utm_campaign=pages_ecoles&utm_content=bouton?utm_source=diplomeos
Ecole IT - Campus d'Amiens,École de l'internet,Amiens,justine.lephay@ecole-it.coms,ecole-it.coms,Éducation,33681020403,https://ecole-it.com?utm_source=diplomeos
Faculté Des Métiers - Lorient,Centre de formation d'apprentis,Lorient,formation.alternance@morbihan.cci.frs,morbihan.cci.frs,Autre,33297640454,https://www.fac-metiers.fr/etablissement/faculte-des-metiers-lorient?utm_source=diplomeos
IHECF Montpellier,École de gestion et de commerce,Montpellier,montpellier@ihecf.frs,ihecf.frs,Autre,33467105857,https://www.ihecf.fr/?utm_source=diplomeos