Nom,Ville,Email,Téléphone,Site Web,Adresse,Formations
"Centre universitaire de Troyes, Université de Reims Champagne-Ardenne",Troyes,Non trouvé,Non trouvé,Non trouvé,,
EJCM - Ecole de journalisme et de communication d'Aix-Marseille,Marseille,Non trouvé,Non trouvé,Non trouvé,,
"LEM - Ecole de délégués médicaux Lille 2, Université de Lille 2",Lille,Non trouvé,Non trouvé,Non trouvé,,
"DUSA - Département universitaire des sciences d'Agen, Université Bordeaux I",Agen,Non trouvé,Non trouvé,Non trouvé,,
Département STAPS (CUFR Jean-François Champollion),Rodez,Non trouvé,Non trouvé,Non trouvé,,
"SATIS - Département sciences, Arts et Techniques de l'image et du son, Université Aix-Marseille I",Aix-en-Provence,Non trouvé,Non trouvé,Non trouvé,,
"INALCO - Département Russie (INALCO), Institut national des langues et civilisations orientales",Nanterre,Non trouvé,Non trouvé,Non trouvé,,
"Département licence, Université Bordeaux I",Bordeaux,Non trouvé,Non trouvé,Non trouvé,,
Département sciences humaines et sociales (CUFR Jean-François Champollion),Albi,Non trouvé,Non trouvé,Non trouvé,,
"INALCO - Département études arabes, Institut national des langues et civilisations orientales",Nanterre,Non trouvé,Non trouvé,Non trouvé,,
"Département LSO (licence sciences des organisations), Université Paris-Dauphine",Paris,Non trouvé,Non trouvé,Non trouvé,,
"Département mathématiques et informatique de la décision et des organisations (MIDO), Université Paris-Dauphine",Paris,Non trouvé,Non trouvé,Non trouvé,,
"INALCO - Département langues et civilisations hébraïques et juives, Institut national des langues et civilisations orientales",Nanterre,Non trouvé,Non trouvé,Non trouvé,,
Département lettres langues et art (CUFR Jean-François Champollion),Albi,Non trouvé,Non trouvé,Non trouvé,,
"Département MSO (master des sciences des organisations), Université Paris-Dauphine",Paris,Non trouvé,Non trouvé,Non trouvé,,
"Département Génie Civil d'Egletons, Université de Limoges",Tulle,Non trouvé,Non trouvé,Non trouvé,,
"INALCO - Département langue et civilisation du Japon, Institut national des langues et civilisations orientales",Paris,Non trouvé,Non trouvé,Non trouvé,,
"INALCO - Département Eurasie (INALCO), Institut national des langues et civilisations orientales",Nanterre,Non trouvé,Non trouvé,Non trouvé,,
"DEFLE - Département d'études de français langue étrangère, Université Bordeaux III",Bordeaux,Non trouvé,Non trouvé,Non trouvé,,
"INALCO - Département Europe centrale et orientale (INALCO), Institut national des langues et civilisations orientales",Nanterre,Non trouvé,Non trouvé,Non trouvé,,
"Département d'études territoriales, Université de Strasbourg",Strasbourg,Non trouvé,Non trouvé,Non trouvé,,
"Département de sciences et arts, Université de Nîmes",Nîmes,Non trouvé,Non trouvé,Non trouvé,,
"UFR arts, lettres, langues, sciences humaines - antenne de Lambesc, Université d'Aix-Marseille",Lambesc,Non trouvé,Non trouvé,Non trouvé,,
"Dpt EEA - Département EEA (Electronique, Electrotechnique et Automatique) de l'UFR des sciences, Université Picardie Jules Verne Amiens",Amiens,Non trouvé,Non trouvé,Non trouvé,,
"Département d'études arabes et hébraïques, Université Paris-Sorbonne Paris IV",Paris,Non trouvé,Non trouvé,Non trouvé,,
"DENTES - Département environnement, technologies et société, Université Aix-Marseille I",Marseille,Non trouvé,Non trouvé,Non trouvé,,
"Département de médiation culturelle, Université de la Sorbonne Nouvelle",Paris,Non trouvé,Non trouvé,Non trouvé,,
"Département de l'enseignement du Français à l'International, Université Lille 3",Lille,Non trouvé,Non trouvé,Non trouvé,,
Département de droit et économie - Institut National Universitaire Jean-François Champollion,Albi,Non trouvé,Non trouvé,Non trouvé,,
"INALCO - Département Asie du sud, Institut national des langues et civilisations orientales",Paris,Non trouvé,Non trouvé,Non trouvé,,
"INALCO - Département Asie du Sud Est Haute Asie Pacifique, Institut national des langues et civilisations orientales",Paris,Non trouvé,Non trouvé,Non trouvé,,
"Département arts - musique, Université d'Evry-Val-d'Essonne",Évry,Non trouvé,Non trouvé,Non trouvé,,
"Département de droit, économie et gestion, Université de Nîmes",Nîmes,Non trouvé,Non trouvé,Non trouvé,,
"INALCO - Département Chine, Institut national des langues et civilisations orientales",Paris,Non trouvé,Non trouvé,Non trouvé,,
"Département des langues, Université d'Evry-Val-d'Essonne",Évry-Courcouronnes,Non trouvé,Non trouvé,Non trouvé,,
"LEA UM3 - Département de langues étrangères appliquées, Université Montpellier III",Montpellier,Non trouvé,Non trouvé,Non trouvé,,
"DLVP - Département de langues vivantes pratiques, Université Bordeaux II",Bordeaux,Non trouvé,Non trouvé,Non trouvé,,
Département de sciences (CUFR Jean-François Champollion),Albi,Non trouvé,Non trouvé,Non trouvé,,
"Département de psychologie, lettres, langues et histoire, Université de Nîmes",Nîmes,Non trouvé,Non trouvé,Non trouvé,,
Domaine universitaire choletais de l'université d'Angers,Angers,Non trouvé,Non trouvé,Non trouvé,,
"INALCO - Département Afrique, Institut national des langues et civilisations orientales",Paris,Non trouvé,Non trouvé,Non trouvé,,
CPP Lorraine - Cycle préparatoire polytechique de l'INP de Lorraine,Nancy,Non trouvé,Non trouvé,Non trouvé,,
CNAM Entreprises - Conservatoire national des arts et métiers,Paris,Non trouvé,Non trouvé,Non trouvé,,
"CFMI - Centre de formation de musiciens intervenant à l'école de l'université de Poitiers, Université de Poitiers",Poitiers,Non trouvé,Non trouvé,Non trouvé,,
"CEPE - IAE UFR - CEPE - Centre européen des produits de l'enfant IAE annexe de Poitiers, Université de Poitiers",Angoulême,Non trouvé,Non trouvé,Non trouvé,,
"CUR - Centre universitaire roannais, Université Jean Monnet Saint-Etienne",Saint-Étienne,Non trouvé,Non trouvé,Non trouvé,,
"CUEEP - Centre université économie d'éducation permanente, Université Lille 1",Lille,Non trouvé,Non trouvé,Non trouvé,,
"Centre universitaire Toulouse I, Université Toulouse I Capitole",Montauban,Non trouvé,Non trouvé,Non trouvé,,
"ULCO - Centre universitaire du musée, Université du Littoral - Côte d'Opale",Arras,Non trouvé,Non trouvé,Non trouvé,,
"Centre universitaire départemental - antenne de l'université de Nantes, Université de Nantes",La Roche-sur-Yon,Non trouvé,Non trouvé,Non trouvé,,
"ULCO - Centre universitaire Lamartine, Université du Littoral - Côte d'Opale",Lille,Non trouvé,Non trouvé,Non trouvé,,
"Centre universitaire UFR de physique chimie automatique, Université Toulouse III",Tarbes,Non trouvé,Non trouvé,Non trouvé,,
Centre universitaire La forêt - Université de Valenciennes,Lille,Non trouvé,Non trouvé,Non trouvé,,
Centre universitaire La forêt - Université de Lille 2,Lille,Non trouvé,Non trouvé,Non trouvé,,
"Faculté de Droit, d'Economie et de Gestion (Centre universitaire d'études juridiques de Bourges) - site de Bourges, Université d'Orléans",Bourges,Non trouvé,Non trouvé,Non trouvé,,
"IUP management du sport, Université de Nice - Sophia Antipolis",Nice,Non trouvé,Non trouvé,Non trouvé,,
"IUPIIA - IUP innovation en industries alimentaires, Université de Bretagne Occidentale",Quimper,Non trouvé,Non trouvé,Non trouvé,,
"IUP IS - IUP ingénierie de la santé, Université Picardie Jules Verne Amiens",Amiens,Non trouvé,Non trouvé,Non trouvé,,
"IUP banque et assurance, Université de Caen Basse-Normandie",Caen,Non trouvé,Non trouvé,Non trouvé,,
"IUP Droit de l'urbanisme et de l'immobilier, Université de Perpignan Via Domitia",Carcassonne,Non trouvé,Non trouvé,Non trouvé,,
"UFR Sciences de l'Homme et de la Société, Université de Rouen",Mont-Saint-Aignan,Non trouvé,Non trouvé,Non trouvé,,
"IECA - Institut européen de cinéma et d'audiovisuel, Nancy-Université - Nancy 2",Nancy,Non trouvé,Non trouvé,Non trouvé,,
"Institut du thermalisme, Université Bordeaux II",Mont-de-Marsan,Non trouvé,Non trouvé,Non trouvé,,
"IUG - Institut d'urbanisme de Grenoble, Université Pierre Mendès France - Grenoble 2",Grenoble,Non trouvé,Non trouvé,Non trouvé,,
"IUL - Institut d'urbanisme de Lyon, Université Lumière - Lyon 2",Lyon,Non trouvé,Non trouvé,Non trouvé,,
"IMMD - Institut du marketing et du management de la distribution, Université de Lille 2",Lille,Non trouvé,Non trouvé,Non trouvé,,
"Institut du droit de la paix et du développement, Université de Nice - Sophia Antipolis",Nice,Non trouvé,Non trouvé,Non trouvé,,
"IEP - Institut d'études politiques (Sciences Po Grenoble), Université Grenoble Alpes (COMUE)",Grenoble,Non trouvé,Non trouvé,Non trouvé,,
"Institut d'urbanisme de Paris, Université Paris-Est Créteil Val-de-Marne",Créteil,Non trouvé,Non trouvé,Non trouvé,,
"IEJ - Institut d'études judiciaires, Université Picardie Jules Verne Amiens",Amiens,Non trouvé,Non trouvé,Non trouvé,,
"DEJEP - Département d'études juridiques et économiques de Périgueux, Université de Bordeaux",Périgueux,Non trouvé,Non trouvé,Non trouvé,,
"IEJ - Institut d'études judiciaires, Université Grenoble Alpes (COMUE)",Grenoble,Non trouvé,Non trouvé,Non trouvé,,
"IEJ - Institut d'études judiciaires, Université Pau et Pays de l'Adour",Pau,Non trouvé,Non trouvé,Non trouvé,,
"IEJ - Institut d'études judiciaires, Université Rennes 1",Rennes,Non trouvé,Non trouvé,Non trouvé,,
"IEJ - Institut d'études judiciaires, Université Jean Moulin - Lyon 3",Lyon,Non trouvé,Non trouvé,Non trouvé,,
"IEJ - Institut d'études judiciaires, Université Panthéon-Assas",Paris,Non trouvé,Non trouvé,Non trouvé,,
"IEJ - Institut d'études judiciaires, Université Panthéon-Sorbonne",Paris,Non trouvé,Non trouvé,Non trouvé,,
"IEJ - Institut d'études judiciaires, Université de Valenciennes et du Hainaut Cambrésis",Lille,Non trouvé,Non trouvé,Non trouvé,,
"IEJ - Institut d'études judiciaires, Université d'Evry-Val-d'Essonne",Évry-Courcouronnes,Non trouvé,Non trouvé,Non trouvé,,
"IEJ - Institut d'études judiciaires, Université de Nantes",Nantes,Non trouvé,Non trouvé,Non trouvé,,
"IEJ - Institut d'études judiciaires, Université de Limoges",Limoges,Non trouvé,Non trouvé,Non trouvé,,
"IEJ - Institut d'études judiciaires, Université de Cergy-Pontoise",Cergy,Non trouvé,Non trouvé,Non trouvé,,
"IEJ - Institut d'études judiciaires, Université de Caen Basse-Normandie",Caen,Non trouvé,Non trouvé,Non trouvé,,
"IEJ - Institut d'études judiciaires, Université Bordeaux",Bordeaux,Non trouvé,Non trouvé,Non trouvé,,
"IEJ - Institut d'études judiciaires - UFR de Droit de Toulon, Université de Toulon",Toulon,Non trouvé,Non trouvé,Non trouvé,,
"IEJ - Institut d'études judiciaires - Faculté sciences juridiques politiques, Université de Lille 2",Lille,Non trouvé,Non trouvé,Non trouvé,,
"IEJ - Institut d'études judiciaires, Université de Reims Champagne-Ardenne",Reims,Non trouvé,Non trouvé,Non trouvé,,
"IEJ - Institut d'études judiciaires, Université de Rouen",Rouen,Non trouvé,Non trouvé,Non trouvé,,
"Institut d'études judiciaires - Faculté de Droit, sciences politiques, économie et gestion, Université de Nice - Sophia Antipolis",Nice,Non trouvé,Non trouvé,Non trouvé,,
"IEJ - Institut d'études judiciaires, Université de Lorraine",Nancy,Non trouvé,Non trouvé,Non trouvé,,
"Institut d'études européennes, Université Vincennes-Saint-Denis",Bobigny,Non trouvé,Non trouvé,Non trouvé,,
"IEJ - Institut d'études judiciaires, Université Paris-Sud",Nanterre,Non trouvé,Non trouvé,Non trouvé,,
"Institut d'études judiciaires Henri Motulsky, Université Paris Ouest Nanterre La Défense",Nanterre,Non trouvé,Non trouvé,Non trouvé,,
"IEJ - Institut d'études judiciaires UFR droit et science politique, Université d'Auvergne",Clermont-Ferrand,Non trouvé,Non trouvé,Non trouvé,,
"IETL - Institut d'études du travail de Lyon, Université Lumière - Lyon 2",Lyon,Non trouvé,Non trouvé,Non trouvé,,
Université de Versailles-Saint-Quentin-en-Yvelines - Institut d'études culturelles,Versailles,Non trouvé,Non trouvé,Non trouvé,,
"Institut d'études françaises pour étudiants étrangers, Université Paul Cézanne - Aix-Marseille III",Aix-en-Provence,Non trouvé,Non trouvé,Non trouvé,,
"Institut d'électronique et d'informatique Gaspard Monge, Université Paris-Est Marne-La-Vallée",Melun,Non trouvé,Non trouvé,Non trouvé,,
"ITIRI - Institut de traducteurs d'interprètes et de relations internationales, Université de Strasbourg",Strasbourg,Non trouvé,Non trouvé,Non trouvé,,
"ITIC UM3 - Institut des Technosciences de l'Information et de la Communication, Université Montpellier III",Montpellier,Non trouvé,Non trouvé,Non trouvé,,
"ISUP - Institut de statistique de l'Université Pierre et Marie Curie, Université Pierre et Marie Curie - UPMC",Paris,Non trouvé,Non trouvé,Non trouvé,,
"Institut des sciences pharmaceutiques et biologiques, Université Claude Bernard - Lyon 1",Lyon,Non trouvé,Non trouvé,Non trouvé,,
"ISTV - Institut des sciences et techniques université de Valenciennes, Université de Valenciennes",Lille,Non trouvé,Non trouvé,Non trouvé,,
"IST - Institut des sciences du travail, Université de Lille 2",Lille,Non trouvé,Non trouvé,Non trouvé,,
"ISPEF - Institut des sciences et pratiques d'éducation et de formation, Université Lumière - Lyon 2",Lyon,Non trouvé,Non trouvé,Non trouvé,,
"ISTR - Institut des sciences et techniques de la réadaptation, Université Claude Bernard - Lyon 1",Lyon,Non trouvé,Non trouvé,Non trouvé,,
Montpellier Management,Montpellier,Non trouvé,Non trouvé,Non trouvé,,
"ISF - Institut des sciences de la famille, Université catholique de Lyon",Lyon,Non trouvé,Non trouvé,Non trouvé,,
Université de Versailles-Saint-Quentin-en-Yvelines - Institut des langues et des études internationales,Versailles,Non trouvé,Non trouvé,Non trouvé,,
"IHEI - Institut des hautes études internationales, Université Panthéon-Assas",Paris,Non trouvé,Non trouvé,Non trouvé,,
"IHEE - Institut des hautes études européennes, Université de Strasbourg",Strasbourg,Non trouvé,Non trouvé,Non trouvé,,
"IHEAL - Institut des hautes études d'Amérique latine, Université de la Sorbonne Nouvelle",Paris,Non trouvé,Non trouvé,Non trouvé,,
"IDHL - Institut des droits de l'Homme, Université catholique de Lyon",Lyon,Non trouvé,Non trouvé,Non trouvé,,
"ISPED - Institut de santé publique, d'épidémiologie et de développement, Université Bordeaux II",Bordeaux,Non trouvé,Non trouvé,Non trouvé,,
"Institut des assurances de Lyon, Université Jean Moulin - Lyon 3",Lyon,Non trouvé,Non trouvé,Non trouvé,,
"Institut de psychologie, Université Lumière - Lyon 2",Lyon,Non trouvé,Non trouvé,Non trouvé,,
"IPAG - Institut de préparation à l'administration générale, Université Rennes 1",Rennes,Non trouvé,Non trouvé,Non trouvé,,
"IPAG - Institut de préparation à l'administration générale de la Faculté Jean-Monnet, Université Paris Sud",Sceaux,Non trouvé,Non trouvé,Non trouvé,,
"IPAG - Institut de préparation à l'administration générale, Université Picardie Jules Verne Amiens",Amiens,Non trouvé,Non trouvé,Non trouvé,,
"IPAG UM - Institut de préparation à l'administration générale, Université de Montpellier",Montpellier,Non trouvé,Non trouvé,Non trouvé,,
"IPAG - Institut de préparation à l'administration générale, Université Paris-Est Créteil Val-de-Marne",Créteil,Non trouvé,Non trouvé,Non trouvé,,
Institut de préparation à l'administration générale - Université de Rouen,Rouen,Non trouvé,Non trouvé,Non trouvé,,
"IPAG - Institut de préparation à l'administration générale, Université Panthéon-Assas",Paris,Non trouvé,Non trouvé,Non trouvé,,
"IPAG - Institut de préparation à l'administration générale, Université de Poitiers",Poitiers,Non trouvé,Non trouvé,Non trouvé,,
"IPAG - Institut de préparation à l'administration générale, Université de Nantes",Nantes,Non trouvé,Non trouvé,Non trouvé,,
"IPAG - Institut de préparation à l'administration générale, Université de Lille 2",Lille,Non trouvé,Non trouvé,Non trouvé,,
"IPAG - Institut de préparation à l'administration générale, Université de Limoges",Limoges,Non trouvé,Non trouvé,Non trouvé,,
"IPAG - Institut de préparation à l'administration générale, Université de Valenciennes et du Hainaut Cambrésis",Lille,Non trouvé,Non trouvé,Non trouvé,,
"IPAG - Institut de préparation à l'administration générale, Université de Franche-Comté",Besançon,Non trouvé,Non trouvé,Non trouvé,,
"IPAG - Institut de préparation à l'administration générale, Université Paris Ouest Nanterre La Défense",Nanterre,Non trouvé,Non trouvé,Non trouvé,,
"IPAG - Institut de préparation à l'administration générale, Université Clermont-Ferrand I",Clermont-Ferrand,Non trouvé,Non trouvé,Non trouvé,,
"Institut de préparation à l'administration générale, Université de Cergy-Pontoise",Cergy,Non trouvé,Non trouvé,Non trouvé,,
"IPAG - Institut de préparation à l'administration générale, Université de Bretagne Occidentale",Quimper,Non trouvé,Non trouvé,Non trouvé,,
"IPAG - Institut de préparation à l'administration générale, Université de Lorraine",Nancy,Non trouvé,Non trouvé,Non trouvé,,
"IPAG - Institut de préparation à l'administration générale, Université de Bourgogne",Dijon,Non trouvé,Non trouvé,Non trouvé,,
"IPROB - Institut de professionnalisation en biologie, Université catholique de Lyon",Lyon,Non trouvé,Non trouvé,Non trouvé,,
IPGP - Institut de physique du globe de Paris,Paris,Non trouvé,Non trouvé,Non trouvé,,
"IMPGT - Institut de management public et de gouvernance territoriale-Aix, Université d'Aix-Marseille",Aix-en-Provence,Non trouvé,Non trouvé,Non trouvé,,
"IMPGT - Institut de management public et de gouvernance territoriale-Marseille, Université Paul Cézanne - Aix-Marseille III",Marseille,Non trouvé,Non trouvé,Non trouvé,,
"IM2 - Institut de mécanique de Marseille, Université Aix-Marseille I, Université Aix-Marseille II",Marseille,Non trouvé,Non trouvé,Non trouvé,,
"IAE - Institut d'administration des entreprises Savoie Mont-Blanc (Chambéry), Université Savoie Mont Blanc",Chambéry,Non trouvé,Non trouvé,Non trouvé,,
"ILCF - Institut de langue et culture françaises, Université catholique de Lyon",Lyon,Non trouvé,Non trouvé,Non trouvé,,
"IJBA - Institut de journalisme de Bordeaux Aquitaine, Université Bordeaux III",Bordeaux,Non trouvé,Non trouvé,Non trouvé,,
"Institut de géographie et aménagement régional, Université de Nantes",Nantes,Non trouvé,Non trouvé,Non trouvé,,
"Institut de la communication, Université Lumière - Lyon 2",Lyon,Non trouvé,Non trouvé,Non trouvé,,
"ICM - Institut de la communication et des médias, Université Stendhal - Grenoble 3",Grenoble,Non trouvé,Non trouvé,Non trouvé,,
"IFTS - Institut de formation technique supérieur, Université de Reims Champagne-Ardenne",Charleville-Mézières,Non trouvé,Non trouvé,Non trouvé,,
"Faculté de théologie institut catholique de Toulouse, Institut catholique de Toulouse",Toulouse,Non trouvé,Non trouvé,Non trouvé,,
"Faculté de théologie protestante, Université de Strasbourg",Strasbourg,Non trouvé,Non trouvé,Non trouvé,,
"Faculté des sciences juridiques, politiques et sociales, Université de Lille 2",Lille,Non trouvé,Non trouvé,Non trouvé,,
"Faculté des sciences pharmaceutiques, Université Toulouse III",Toulouse,Non trouvé,Non trouvé,Non trouvé,,
"Faculté de théologie catholique, Université de Strasbourg",Strasbourg,Non trouvé,Non trouvé,Non trouvé,,
"Faculté des sciences juridiques et politiques Alexis de Tocqueville, Université d'Artois",Lille,Non trouvé,Non trouvé,Non trouvé,,
"Faculté des sciences, Université d'Orléans",Orléans,Non trouvé,Non trouvé,Non trouvé,,
"UFR STAPS - Faculté des sports et de l'éducation physique - Artois, Université d'Artois",Arras,Non trouvé,Non trouvé,Non trouvé,,
"Faculté des sciences et technologies - Département informatique, Université Claude Bernard - Lyon 1",Lyon,Non trouvé,Non trouvé,Non trouvé,,
"Faculté des sciences et technologies - Département mécanique, Université Claude Bernard - Lyon 1",Lyon,Non trouvé,Non trouvé,Non trouvé,,
"Faculté des sciences et technologies - Département de physique, Université Claude Bernard - Lyon 1",Lyon,Non trouvé,Non trouvé,Non trouvé,,
"FST - Faculté des sciences et technologies, Nancy-Université - Université Henri Poincaré",Nancy,Non trouvé,Non trouvé,Non trouvé,,
"Faculté des sciences et technologies - Département génie électrique et des procédés, Université Claude Bernard - Lyon 1",Lyon,Non trouvé,Non trouvé,Non trouvé,,
"Faculté des sciences et technologies - Département mathématiques, Université Claude Bernard - Lyon 1",Lyon,Non trouvé,Non trouvé,Non trouvé,,
"Faculté des sciences et technologies - Département sciences de la terre, Université Claude Bernard - Lyon 1",Lyon,Non trouvé,Non trouvé,Non trouvé,,
"Faculté des sciences Jean Perrin, Université d'Artois",Arras,Non trouvé,Non trouvé,Non trouvé,,
"Faculté des sciences et technologies - Département chimie biochimie, Université Claude Bernard - Lyon 1",Lyon,Non trouvé,Non trouvé,Non trouvé,,
"Faculté des sciences et technologies - Département biologie, Université Claude Bernard - Lyon 1",Lyon,Non trouvé,Non trouvé,Non trouvé,,
"Faculté des sciences et techniques, Université de Haute Alsace Mulhouse",Colmar,Non trouvé,Non trouvé,Non trouvé,,
"Faculté des sciences et techniques de Saint-Jérôme, Université Paul Cézanne - Aix-Marseille III",Marseille,Non trouvé,Non trouvé,Non trouvé,,
"Faculté des sciences et techniques, Université de Limoges",Limoges,Non trouvé,Non trouvé,Non trouvé,,
"Faculté des sciences et sciences de l'ingénieur, Université Bretagne Sud",Vannes,Non trouvé,Non trouvé,Non trouvé,,
"Faculté des sciences du sport, Université Aix-Marseille II",Marseille,Non trouvé,Non trouvé,Non trouvé,,
"Faculté des sciences et sciences de l'ingénieur, Université Bretagne Sud",Lorient,Non trouvé,Non trouvé,Non trouvé,,
"Faculté des sciences du sport, Université de Poitiers",Poitiers,Non trouvé,Non trouvé,Non trouvé,,
"Faculté des sciences du sport, Université Picardie Jules Verne Amiens",Amiens,Non trouvé,Non trouvé,Non trouvé,,
"Faculté des sciences du sport, Université de Poitiers",Angoulême,Non trouvé,Non trouvé,Non trouvé,,
"Faculté des sciences de la vie, Université de Strasbourg",Strasbourg,Non trouvé,Non trouvé,Non trouvé,,
"FSMS - Faculté des sciences et des métiers du sport, Université de Valenciennes",Lille,Non trouvé,Non trouvé,Non trouvé,,
"STAPS - Faculté des sciences du sport, Université de Strasbourg",Strasbourg,Non trouvé,Non trouvé,Non trouvé,,
"Faculté des sciences économiques et de gestion, Université de Strasbourg",Strasbourg,Non trouvé,Non trouvé,Non trouvé,,
"Faculté des sciences économiques et de gestion - département ingénierie économique et financière, Université Lumière - Lyon 2",Lyon,Non trouvé,Non trouvé,Non trouvé,,
"Faculté des sciences appliquées, Université d'Artois",Arras,Non trouvé,Non trouvé,Non trouvé,,
"Faculté des sciences économiques et de gestion - Aix-en-Provence, Université Aix-Marseille II",Aix-en-Provence,Non trouvé,Non trouvé,Non trouvé,,
"Faculté de sport de Nancy - Antenne d'Epinal, Nancy-Université - Université Henri Poincaré",Nancy,Non trouvé,Non trouvé,Non trouvé,,
"LESLA - Faculté des lettres, sciences du langage et arts, Université Lumière - Lyon 2",Lyon,Non trouvé,Non trouvé,Non trouvé,,
"Faculté des sciences économiques et sociales, Université Lille 1",Villeneuve-d'Ascq,Non trouvé,Non trouvé,Non trouvé,,
"Faculté des lettres, Université Picardie Jules Verne Amiens",Amiens,Non trouvé,Non trouvé,Non trouvé,,
"FSESJ - Faculté des sciences économiques sociales et juridiques, Université de Haute Alsace Mulhouse",Colmar,Non trouvé,Non trouvé,Non trouvé,,
"FAC STAPS Lille - Faculté des sciences du sport et de l'éducation physique Lille 2, Université de Lille 2",Lille,Non trouvé,Non trouvé,Non trouvé,,
"FLSH - Faculté des lettres langues et sciences humaines, Université de Haute Alsace Mulhouse",Mulhouse,Non trouvé,Non trouvé,Non trouvé,,
"Faculté des sciences de l'éducation, Université de Strasbourg",Strasbourg,Non trouvé,Non trouvé,Non trouvé,,
"LESLA - Faculté des lettres, sciences du langage et arts, Université Lumière - Lyon 2",Lyon,Non trouvé,Non trouvé,Non trouvé,,
"Faculté des lettres et civilisations, Université Jean Moulin - Lyon 3",Lyon,Non trouvé,Non trouvé,Non trouvé,,
"FLLASH - Faculté des lettres langues arts et sciences humaines, Université de Valenciennes",Lille,Non trouvé,Non trouvé,Non trouvé,,
"Faculté des lettres et sciences humaines, Université de Limoges",Limoges,Non trouvé,Non trouvé,Non trouvé,,
"Faculté des lettres - Départements Lettres, Histoire, Langues, Histoire de l'Art et Prépas, Institut catholique de Paris",Paris,Non trouvé,Non trouvé,Non trouvé,,
"Faculté de sciences humaines et sociales, Université Jean Monnet Saint-Etienne",Saint-Étienne,Non trouvé,Non trouvé,Non trouvé,,
"Faculté de sciences et techniques, Université Jean Monnet de Saint-Etienne",Saint-Étienne,Non trouvé,Non trouvé,Non trouvé,,
"Faculté des langues, Université Jean Moulin - Lyon 3",Lyon,Non trouvé,Non trouvé,Non trouvé,,
"Faculté des langues, Université Lumière - Lyon 2",Lyon,Non trouvé,Non trouvé,Non trouvé,,
"FASSE - Faculté de sciences sociales et économiques, Institut catholique de Paris",Paris,Non trouvé,Non trouvé,Non trouvé,,
"Faculté des langues, Université Lumière - Lyon 2",Lyon,Non trouvé,Non trouvé,Non trouvé,,
"Faculté de sciences économiques, Université Rennes 1",Rennes,Non trouvé,Non trouvé,Non trouvé,,
"Faculté de physique, Université Pierre et Marie Curie - UPMC",Paris,Non trouvé,Non trouvé,Non trouvé,,
"Faculté de psychologie, Université de Nantes",Nantes,Non trouvé,Non trouvé,Non trouvé,,
"Faculté des affaires internationales de l'université du Havre, Université du Havre",Le Havre,Non trouvé,Non trouvé,Non trouvé,,
"Faculté de psychologie, Université de Strasbourg",Strasbourg,Non trouvé,Non trouvé,Non trouvé,,
"Faculté de philosophie, Université Jean Moulin - Lyon 3",Lyon,Non trouvé,Non trouvé,Non trouvé,,
"UFR des arts, Université Picardie Jules Verne Amiens",Amiens,Non trouvé,Non trouvé,Non trouvé,,
"UFR de sciences économiques et de gestion, Université Lumière - Lyon 2",Lyon,Non trouvé,Non trouvé,Non trouvé,,
"Faculté de sciences économiques et de gestion - Marseille, Université Aix-Marseille II",Marseille,Non trouvé,Non trouvé,Non trouvé,,
"UFR sciences humaines, sociales et philosophie, Université Picardie Jules Verne Amiens",Amiens,Non trouvé,Non trouvé,Non trouvé,,
"Faculté de philosophie et de sciences humaines, Université catholique de Lyon",Lyon,Non trouvé,Non trouvé,Non trouvé,,
"Faculté de philosophie, Institut catholique de Paris",Paris,Non trouvé,Non trouvé,Non trouvé,,
"Faculté de philosophie, Institut catholique de Toulouse",Toulouse,Non trouvé,Non trouvé,Non trouvé,,
"Faculté de pharmacie, Université Rennes 1",Rennes,Non trouvé,Non trouvé,Non trouvé,,
"Faculté de pharmacie, Université de Limoges",Limoges,Non trouvé,Non trouvé,Non trouvé,,
"Faculté de pharmacie, Université de Strasbourg",Strasbourg,Non trouvé,Non trouvé,Non trouvé,,
"Faculté de pharmacie, Université Picardie Jules Verne Amiens",Amiens,Non trouvé,Non trouvé,Non trouvé,,
"Faculté de médecine, Université Picardie Jules Verne Amiens",Amiens,Non trouvé,Non trouvé,Non trouvé,,
"Faculté de médecine, Université Rennes 1",Rennes,Non trouvé,Non trouvé,Non trouvé,,
"Faculté de sciences de Luminy, Université Aix-Marseille II",Marseille,Non trouvé,Non trouvé,Non trouvé,,
"Faculté de pharmacie, Université Aix-Marseille II",Marseille,Non trouvé,Non trouvé,Non trouvé,,
"Faculté de médecine, Université de Strasbourg",Strasbourg,Non trouvé,Non trouvé,Non trouvé,,
"Faculté de médecine, Université de Limoges",Limoges,Non trouvé,Non trouvé,Non trouvé,,
"Faculté de médecine Toulouse Purpan, Université Toulouse III",Toulouse,Non trouvé,Non trouvé,Non trouvé,,
"Faculté de médecine Toulouse Rangueil, Université Toulouse III",Toulouse,Non trouvé,Non trouvé,Non trouvé,,
"Faculté de médecine, Université Aix-Marseille II",Marseille,Non trouvé,Non trouvé,Non trouvé,,
"Faculté de médecine Lyon-Sud - Charles Mérieux, Université Claude Bernard - Lyon 1",Lyon,Non trouvé,Non trouvé,Non trouvé,,
"Faculté de médecine Henri Warembourg université de Lille 2, Université de Lille 2",Lille,Non trouvé,Non trouvé,Non trouvé,,
"Faculté de médecine Pierre et Marie Curie - Site Pitié-Salpêtrière, Université Pierre et Marie Curie - UPMC",Paris,Non trouvé,Non trouvé,Non trouvé,,
"Faculté de médecine Lyon-Est - Claude Bernard, Université Claude Bernard - Lyon 1",Lyon,Non trouvé,Non trouvé,Non trouvé,,
"Faculté de médecine Jacques Lisfranc, Université Jean Monnet de Saint-Etienne",Saint-Étienne,Non trouvé,Non trouvé,Non trouvé,,
"Faculté de lettres et langues, Université catholique de Lyon",Lyon,Non trouvé,Non trouvé,Non trouvé,,
"GHHAT - Faculté de géographie, histoire, histoire de l'art et tourisme, Université Lumière - Lyon 2",Lyon,Non trouvé,Non trouvé,Non trouvé,,
"Faculté de géographie et d'aménagement, Université de Strasbourg",Strasbourg,Non trouvé,Non trouvé,Non trouvé,,
"Faculté de droit - site de Valence, Université Grenoble Alpes",Valence,Non trouvé,Non trouvé,Non trouvé,,
"GHHAT - Faculté de géographie, histoire, histoire de l'art et tourisme, Université Lumière - Lyon 2",Lyon,Non trouvé,Non trouvé,Non trouvé,,
Faculté de droit - Université Grenoble Alpes (COMUE),Saint-Martin-d'Hères,Non trouvé,Non trouvé,Non trouvé,,
"Faculté de lettres langues et sciences humaines, Université d'Orléans",Orléans,Non trouvé,Non trouvé,Non trouvé,,
"Faculté de langues et cultures étrangères, Université Picardie Jules Verne Amiens",Amiens,Non trouvé,Non trouvé,Non trouvé,,
"Faculté de mathématiques, Université Pierre et Marie Curie - UPMC",Paris,Non trouvé,Non trouvé,Non trouvé,,
"Faculté de droit et science politique, Université Toulouse I Capitole",Toulouse,Non trouvé,Non trouvé,Non trouvé,,
"Faculté de droit et de sciences politiques, Université de Nice - Sophia Antipolis",Nice,Non trouvé,Non trouvé,Non trouvé,,
"Faculté de droit et des sciences économiques - site de Limoges, Université de Limoges",Limoges,Non trouvé,Non trouvé,Non trouvé,,
"Faculté de droit, Institut catholique de Lyon",Lyon,Non trouvé,Non trouvé,Non trouvé,,
"UFR Droit, sciences économique et politique - antenne de Nevers, université de Bourgogne",Nevers,Non trouvé,Non trouvé,Non trouvé,,
"Faculté de droit et science politique, Université Lumière - Lyon 2",Lyon,Non trouvé,Non trouvé,Non trouvé,,
"UFR de droit, Université Jean Monnet Saint-Etienne",Saint-Étienne,Non trouvé,Non trouvé,Non trouvé,,
"Faculté de droit, Université Jean Moulin - Lyon 3",Lyon,Non trouvé,Non trouvé,Non trouvé,,
"Faculté de droit et de science politique, Université Rennes 1",Rennes,Non trouvé,Non trouvé,Non trouvé,,
"UFR Droit et de science politique, Université d'Aix-Marseille",Aix-en-Provence,Non trouvé,Non trouvé,Non trouvé,,
"UFR de droit et de science politique, Université Picardie Jules Verne Amiens",Amiens,Non trouvé,Non trouvé,Non trouvé,,
"Faculté de droit de sciences politiques et de gestion, Université de Strasbourg",Strasbourg,Non trouvé,Non trouvé,Non trouvé,,
Faculté libre de droit de l'Institut Catholique de Toulouse,Toulouse,Non trouvé,Non trouvé,Non trouvé,,
"Faculté de droit et de science politique - Antenne de Saint Brieuc, Université Rennes 1",Saint-Brieuc,Non trouvé,Non trouvé,Non trouvé,,
"UFR Collegium droit, économie, gestion - Université d'Orléans",Orléans,Non trouvé,Non trouvé,Non trouvé,,
"Faculté de droit, de sciences économiques et de gestion, Université Bretagne Sud",Rennes,Non trouvé,Non trouvé,Non trouvé,,
"Faculté de droit canonique, Institut catholique de Paris",Paris,Non trouvé,Non trouvé,Non trouvé,,
"Faculté de chirurgie dentaire, Université Rennes 1",Rennes,Non trouvé,Non trouvé,Non trouvé,,
"FDEG - Faculté de droit, d'économie et de gestion, Université de Valenciennes",Valenciennes,Non trouvé,Non trouvé,Non trouvé,,
"Faculté de chimie, Université de Strasbourg",Strasbourg,Non trouvé,Non trouvé,Non trouvé,,
"Faculté de droit et de science politique, Université de Versailles Saint-Quentin-en-Yvelines",Guyancourt,Non trouvé,Non trouvé,Non trouvé,,
"Faculté d'administration et de communication, Université Toulouse I Capitole",Toulouse,Non trouvé,Non trouvé,Non trouvé,,
"Faculté de chirurgie dentaire, Université de Strasbourg",Strasbourg,Non trouvé,Non trouvé,Non trouvé,,
"UFR d'économie et de gestion, Université Picardie Jules Verne Amiens",Amiens,Non trouvé,Non trouvé,Non trouvé,,
"Faculté de chirurgie dentaire université de Lille 2, Université de Lille 2",Lille,Non trouvé,Non trouvé,Non trouvé,,
"UFR anthropologie, sociologie, science politique, Université Lumière - Lyon 2",Lyon,Non trouvé,Non trouvé,Non trouvé,,
"Faculté d'arts, lettres et langues, Université Jean Monnet de Saint-Etienne",Saint-Étienne,Non trouvé,Non trouvé,Non trouvé,,
"Faculté de chirurgie dentaire, Université Toulouse III",Toulouse,Non trouvé,Non trouvé,Non trouvé,,
"EURIA - Euro-institut d'actuariat, Université de Bretagne Occidentale",Quimper,Non trouvé,Non trouvé,Non trouvé,,
"ERUDI - ERUDI - Etudes et ressources universitaires à distance, Nancy-Université - Nancy 2",Nancy,Non trouvé,Non trouvé,Non trouvé,,
"Ensemble universitaire de Gavy - antenne universitaire Nantes, Université de Nantes",Nantes,Non trouvé,Non trouvé,Non trouvé,,
"ESIT - Ecole supérieure d'interprètes et de traducteurs, Université de la Sorbonne Nouvelle",Paris,Non trouvé,Non trouvé,Non trouvé,,
"ESAV - Ecole supérieure d'audiovisuel, Université Toulouse II",Toulouse,Non trouvé,Non trouvé,Non trouvé,,
"Université de la mode, Université Lumière - Lyon 2",Lyon,Non trouvé,Non trouvé,Non trouvé,,
Université Paris Ouest Nanterre La Défense - UFR Systèmes Industriels et Techniques de Communication,Nanterre,Non trouvé,Non trouvé,Non trouvé,,
"UFR STHI - département STAPS Font-Romeu, Université de Perpignan Via Domitia",Perpignan,Non trouvé,Non trouvé,Non trouvé,,
"UFR Terre, environnement, biodiversité, Université Pierre et Marie Curie - UPMC",Paris,Non trouvé,Non trouvé,Non trouvé,,
"UFR STHI - département de Mende : tourisme et multimédia, Université de Perpignan Via Domitia",Mende,Non trouvé,Non trouvé,Non trouvé,,
Université Paris I Panthéon-Sorbonne - UFR 12 Travail et études sociales AES et droit social,Paris,Non trouvé,Non trouvé,Non trouvé,,
"UFR TES - UFR Territoires, environnements, sociétés, Université Vincennes-Saint-Denis",Bobigny,Non trouvé,Non trouvé,Non trouvé,,
Université Paris Ouest Nanterre La Défense - Systèmes Industriels et Techniques de Communication,Nanterre,Non trouvé,Non trouvé,Non trouvé,,
"UFR sciences vie, terre et environnement, Université de Bourgogne",Dijon,Non trouvé,Non trouvé,Non trouvé,,
"UFR STAPS, Université Paris-Sud 11",Évry-Courcouronnes,Non trouvé,Non trouvé,Non trouvé,,
"UFR Sciences sociales, Université Rennes 2",Rennes,Non trouvé,Non trouvé,Non trouvé,,
UFR STAPS - Université Montpellier,Montpellier,Non trouvé,Non trouvé,Non trouvé,,
"STAPS - UFR sport et éducation physique, Université de Bretagne Occidentale",Quimper,Non trouvé,Non trouvé,Non trouvé,,
"UFR sciences techniques et gestion de l'industrie, site de Montbeliard, Université de Franche-Comté",Besançon,Non trouvé,Non trouvé,Non trouvé,,
"UFR STAPS - UFR STAPS Faculté des sciences du sport, Université de Bourgogne",Dijon,Non trouvé,Non trouvé,Non trouvé,,
"UFR Sciences sociales, Université Paris Diderot",Paris,Non trouvé,Non trouvé,Non trouvé,,
UFR Sciences sociales (site de Saint-Brieuc) - Université Rennes 2,Saint-Brieuc,Non trouvé,Non trouvé,Non trouvé,,
"UFR sciences pharmaceutiques et biologiques, Nancy-Université - Université Henri Poincaré",Nancy,Non trouvé,Non trouvé,Non trouvé,,
"UFR Sciences Pharmaceutiques et Biologiques - Faculté de pharmacie, Université Paris Descartes",Paris,Non trouvé,Non trouvé,Non trouvé,,
"UFR sciences médicales, Université Bordeaux II",Bordeaux,Non trouvé,Non trouvé,Non trouvé,,
"UFR Sciences humaines, Université Rennes 2",Rennes,Non trouvé,Non trouvé,Non trouvé,,
"UFR Sciences médicales, Nancy-Université - Université Henri Poincaré",Nancy,Non trouvé,Non trouvé,Non trouvé,,
"UFR Sciences Humaines et Sociales, Université Paris Descartes",Paris,Non trouvé,Non trouvé,Non trouvé,,
"UFR Arts, lettres, langues Metz, Université de Lorraine",Metz,Non trouvé,Non trouvé,Non trouvé,,
"SciFA - UFR Sciences fondamentales et appliquées, Université Paul Verlaine de Metz",Metz,Non trouvé,Non trouvé,Non trouvé,,
"UFR STAPS - UFR sciences et techniques des activités physiques et sportives, Université de Nantes",Nantes,Non trouvé,Non trouvé,Non trouvé,,
"UFR sciences et techniques, Université Pau et Pays de l'Adour",Pau,Non trouvé,Non trouvé,Non trouvé,,
"UFR STAPS - UFR sciences et techniques des activités physiques et sportives STAPS, Université Toulouse III",Toulouse,Non trouvé,Non trouvé,Non trouvé,,
"UFR STAPS - UFR sciences et techniques des activités physiques et sportives STAPS, Université de Nice - Sophia Antipolis",Nice,Non trouvé,Non trouvé,Non trouvé,,
"UFR STAPS - UFR sciences et techniques des activités physiques et sportives STAPS, Université de Franche-Comté",Besançon,Non trouvé,Non trouvé,Non trouvé,,
"UFR STAPS - UFR sciences et techniques des activités physiques et sportives, Université de Reims Champagne-Ardenne",Reims,Non trouvé,Non trouvé,Non trouvé,,
"UFR Sciences humaines cliniques, Université Paris Diderot",Paris,Non trouvé,Non trouvé,Non trouvé,,
"UFR sciences historiques et géographiques, musicologie, Nancy-Université - Nancy 2",Nancy,Non trouvé,Non trouvé,Non trouvé,,
"UFR Sciences et technologie, Université Paris-Est Créteil Val-de-Marne",Créteil,Non trouvé,Non trouvé,Non trouvé,,
"UFR STAPS (Sciences et Techniques des Activités Physiques et Sportives), Université Paris Descartes",Paris,Non trouvé,Non trouvé,Non trouvé,,
"UFR STAPS - UFR sciences et techniques des activités physiques et sportives STAPS, Université Paris-Est Marne-La-Vallée",Melun,Non trouvé,Non trouvé,Non trouvé,,
"UFR STAPS - UFR sciences et techniques des activités physiques et sportives STAPS, Université du Sud Toulon - Var",Toulon,Non trouvé,Non trouvé,Non trouvé,,
"SCIMS - UFR sciences et modélisation, Université Bordeaux II",Bordeaux,Non trouvé,Non trouvé,Non trouvé,,
"UFR STAPS - UFR sciences et techniques des activités physiques et sportives STAPS, Université de Caen Basse-Normandie",Caen,Non trouvé,Non trouvé,Non trouvé,,
"UFR sciences des territoires et de la communication, Université Bordeaux III",Bordeaux,Non trouvé,Non trouvé,Non trouvé,,
"UFR sciences du langage, Nancy-Université - Nancy 2",Nancy,Non trouvé,Non trouvé,Non trouvé,,
"UFR Sciences de l'information et de la communication - Institut Ingémédia, Université du Sud Toulon - Var",Toulon,Non trouvé,Non trouvé,Non trouvé,,
"UFR Sciences de l'éducation, psychanalyse et FLE, Université Vincennes-Saint-Denis",Saint-Denis,Non trouvé,Non trouvé,Non trouvé,,
"UFR SVE - UFR sciences de la vie et de l'environnement, Université Rennes 1",Rennes,Non trouvé,Non trouvé,Non trouvé,,
"UFR sciences et techniques antenne d'Auxerre, Université de Bourgogne",Auxerre,Non trouvé,Non trouvé,Non trouvé,,
"UFR sciences et techniques de la côte basque, Université Pau et Pays de l'Adour",Pau,Non trouvé,Non trouvé,Non trouvé,,
"UFR sciences et techniques des activites physiques et sportives, Université Clermont-Ferrand II",Clermont-Ferrand,Non trouvé,Non trouvé,Non trouvé,,
Université Paris Ouest Nanterre La Défense - UFR Sciences et Techniques des Activités Physiques et Sportives,Nanterre,Non trouvé,Non trouvé,Non trouvé,,
"UFR SDL - UFR Sciences du langage, Université Vincennes-Saint-Denis",Bobigny,Non trouvé,Non trouvé,Non trouvé,,
"UFR Sciences du vivant, Université Paris Diderot",Paris,Non trouvé,Non trouvé,Non trouvé,,
"UFR Sciences de l'éducation , sciences sociales, sciences et techniques des activités sportives, Université Paris-Est Créteil Val-de-Marne",Créteil,Non trouvé,Non trouvé,Non trouvé,,
"UFR Sciences de la Terre, de l'environnement et des planètes, Université Paris Diderot",Paris,Non trouvé,Non trouvé,Non trouvé,,
"UFR Psychologie - Institut de psychologie, Université Paris Descartes",Nanterre,Non trouvé,Non trouvé,Non trouvé,,
Université Paris I Panthéon-Sorbonne - UFR 11 Science politique,Paris,Non trouvé,Non trouvé,Non trouvé,,
"UFR pluridisciplinaire de Bayonne Anglet Biarritz, Université Pau et Pays de l'Adour",Pau,Non trouvé,Non trouvé,Non trouvé,,
"UFR Physique, Université Paris Diderot",Paris,Non trouvé,Non trouvé,Non trouvé,,
Université Paris I Panthéon-Sorbonne - UFR 10 Philosophie,Paris,Non trouvé,Non trouvé,Non trouvé,,
"UFR Philosophie et sociologie, Université Paris-Sorbonne Paris IV",Paris,Non trouvé,Non trouvé,Non trouvé,,
"UFR Pharmacie - Faculté de pharmacie, Université Paris-Sud 11",Nanterre,Non trouvé,Non trouvé,Non trouvé,,
Université de Versailles Saint-Quentin-en-Yvelines - UFR des Sciences de la santé Simone Veil,Versailles,Non trouvé,Non trouvé,Non trouvé,,
"UFR PPCS - UFR Psychologie, pratiques cliniques et sociales, Université Vincennes-Saint-Denis",Bobigny,Non trouvé,Non trouvé,Non trouvé,,
"UFR Médecine, Université Paris-Sud 11",Créteil,Non trouvé,Non trouvé,Non trouvé,,
"UFR Musique et musicologie, Université Paris-Sorbonne Paris IV",Paris,Non trouvé,Non trouvé,Non trouvé,,
"FMA - Faculté de marketing et d'agrosciences - Pôle marketing, Université de Haute Alsace Mulhouse",Colmar,Non trouvé,Non trouvé,Non trouvé,,
"UFR Faculté de chirurgie dentaire - Odontologie, Université Paris Descartes",Nanterre,Non trouvé,Non trouvé,Non trouvé,,
"UFR Mathématiques, Université Paris Diderot",Paris,Non trouvé,Non trouvé,Non trouvé,,
"UFR Mathématiques, informatique, technologies, sciences de l'information et de la communication, Université Vincennes-Saint-Denis",Bobigny,Non trouvé,Non trouvé,Non trouvé,,
"MIM - UFR Mathématiques, informatique, mécanique, Université Paul Verlaine de Metz",Metz,Non trouvé,Non trouvé,Non trouvé,,
"UFR Linguistique, Université Paris Diderot",Paris,Non trouvé,Non trouvé,Non trouvé,,
"UFR ALL - UFR Arts, lettres et langues Nancy, Université de Lorraine",Nancy,Non trouvé,Non trouvé,Non trouvé,,
"UFR Lettres et sciences humaines, Université Paris-Est Créteil Val-de-Marne",Créteil,Non trouvé,Non trouvé,Non trouvé,,
"MI - UFR Mathématiques et informatique - Pôle lorrain de gestion, Nancy-Université - Nancy 2",Nancy,Non trouvé,Non trouvé,Non trouvé,,
Université Paris I Panthéon-Sorbonne - UFR 27 Mathématiques et informatique,Paris,Non trouvé,Non trouvé,Non trouvé,,
"UFR Mathématiques et Informatique, Université Paris Descartes",Paris,Non trouvé,Non trouvé,Non trouvé,,
"UFR Littérature française et comparée, Université Paris-Sorbonne Paris IV",Paris,Non trouvé,Non trouvé,Non trouvé,,
"LL - UFR Lettres et langues, Université Paul Verlaine de Metz",Metz,Non trouvé,Non trouvé,Non trouvé,,
"UFR Lettres, arts et cinéma, Université Paris Diderot",Paris,Non trouvé,Non trouvé,Non trouvé,,
"UFR Langues, Université Rennes 2",Rennes,Non trouvé,Non trouvé,Non trouvé,,
"UFR LEA - UFR Langues étrangères appliquées, Université de la Sorbonne Nouvelle",Paris,Non trouvé,Non trouvé,Non trouvé,,
"UFR langues et cultures étrangères, Nancy-Université - Nancy 2",Nancy,Non trouvé,Non trouvé,Non trouvé,,
"UFR Langues étrangères, Université d'Artois",Arras,Non trouvé,Non trouvé,Non trouvé,,
"UFR langues et civilisations, Université Bordeaux III",Bordeaux,Non trouvé,Non trouvé,Non trouvé,,
"UFR LEA - UFR Langues étrangères appliquées, Université Paris-Sorbonne Paris IV",Paris,Non trouvé,Non trouvé,Non trouvé,,
"UFR LLCE-LEA - UFR Langues, littératures et civilisations étrangères - langues étrangères appliquées ( LLCE-LEA), Université Vincennes-Saint-Denis",Bobigny,Non trouvé,Non trouvé,Non trouvé,,
"UFR Langues et civilisations de l'Asie orientale, Université Paris Diderot",Paris,Non trouvé,Non trouvé,Non trouvé,,
"UFR langues appliquées, commerce et communication, Université Clermont-Ferrand II",Clermont-Ferrand,Non trouvé,Non trouvé,Non trouvé,,
"UFR Latin, Université Paris-Sorbonne Paris IV",Paris,Non trouvé,Non trouvé,Non trouvé,,
"UFR Institut des sciences humaines appliquées, Université Paris-Sorbonne Paris IV",Paris,Non trouvé,Non trouvé,Non trouvé,,
Université Paris I Panthéon-Sorbonne - UFR 16 Institut sciences sociales du travail ISST,Nanterre,Non trouvé,Non trouvé,Non trouvé,,
Université Paris I Panthéon-Sorbonne - UFR 15 Institut d'études du développement économique et social,Créteil,Non trouvé,Non trouvé,Non trouvé,,
"UFR Italien et roumain, Université Paris-Sorbonne Paris IV",Paris,Non trouvé,Non trouvé,Non trouvé,,
Université Paris I Panthéon-Sorbonne - UFR 14 Institut de démographie,Paris,Non trouvé,Non trouvé,Non trouvé,,
"UFR Informatique, Université Paris Diderot",Paris,Non trouvé,Non trouvé,Non trouvé,,
"UFR Ingénierie, Université Pierre et Marie Curie - UPMC",Paris,Non trouvé,Non trouvé,Non trouvé,,
Université Paris I Panthéon-Sorbonne - UFR 21 Institut de recherche et d'études supérieures de tourisme,Paris,Non trouvé,Non trouvé,Non trouvé,,
"UFR Langue française, Université Paris-Sorbonne Paris IV",Paris,Non trouvé,Non trouvé,Non trouvé,,
"IRCOM - UFR Institut de recherche sur les civilisations de l'occident moderne, Université Paris-Sorbonne Paris IV",Paris,Non trouvé,Non trouvé,Non trouvé,,
"ILIS - UFR Ingénierie et Management de la santé - ILIS, Université de Lille 2",Lille,Non trouvé,Non trouvé,Non trouvé,,
"UFR Information-communication, Université Lille 3",Lille,Non trouvé,Non trouvé,Non trouvé,,
"UFR Textes et sociétés, Université Vincennes-Saint-Denis",Saint-Denis,Non trouvé,Non trouvé,Non trouvé,,
Université Paris I Panthéon-Sorbonne - UFR 09 Histoire,Paris,Non trouvé,Non trouvé,Non trouvé,,
"UFR Grec, Université Paris-Sorbonne Paris IV",Paris,Non trouvé,Non trouvé,Non trouvé,,
"UFR Histoire, Université Paris-Sorbonne Paris IV",Paris,Non trouvé,Non trouvé,Non trouvé,,
"UFR humanités, Université Bordeaux Montaigne",Bordeaux,Non trouvé,Non trouvé,Non trouvé,,
"UFR Histoire de l'art et archéologie, Université Paris-Sorbonne Paris IV",Paris,Non trouvé,Non trouvé,Non trouvé,,
Université Paris I Panthéon-Sorbonne - UFR 03 Histoire de l'art et archéologie,Paris,Non trouvé,Non trouvé,Non trouvé,,
Université Paris I Panthéon-Sorbonne - UFR 08 Géographie,Paris,Non trouvé,Non trouvé,Non trouvé,,
"UFR Géographie histoire et sciences de la société, Université Paris Diderot",Paris,Non trouvé,Non trouvé,Non trouvé,,
"UFR 06 Ecole de management de la Sorbonne, Université Panthéon-Sorbonne",Paris,Non trouvé,Non trouvé,Non trouvé,,
"UFR Etudes slaves, Université Paris-Sorbonne Paris IV",Paris,Non trouvé,Non trouvé,Non trouvé,,
Université Paris I Panthéon-Sorbonne - UFR 07 Etudes internationales et européennes,Paris,Non trouvé,Non trouvé,Non trouvé,,
"UFR Etudes ibériques et latino-américaines, Université Paris-Sorbonne Paris IV",Paris,Non trouvé,Non trouvé,Non trouvé,,
"UFR Etudes anglophones, Université Paris Diderot",Paris,Non trouvé,Non trouvé,Non trouvé,,
"UFR du monde anglophone, Université de la Sorbonne Nouvelle",Paris,Non trouvé,Non trouvé,Non trouvé,,
"Faculté de droit, Université Savoie Mont Blanc",Chambéry,Non trouvé,Non trouvé,Non trouvé,,
"UFR d'études théâtrales, Université de la Sorbonne Nouvelle",Paris,Non trouvé,Non trouvé,Non trouvé,,
"UFR Géographie et aménagement, Université Paris-Sorbonne Paris IV",Paris,Non trouvé,Non trouvé,Non trouvé,,
Université Paris I Panthéon-Sorbonne - UFR 26 Etudes juridiques générales,Paris,Non trouvé,Non trouvé,Non trouvé,,
"UFR d'études ibériques et latino-américaines, Université de la Sorbonne Nouvelle",Paris,Non trouvé,Non trouvé,Non trouvé,,
"UFR d'études romanes, slaves et orientales, Université Lille 3",Lille,Non trouvé,Non trouvé,Non trouvé,,
"UFR d'études italiennes et de roumain, Université de la Sorbonne Nouvelle",Paris,Non trouvé,Non trouvé,Non trouvé,,
"UFR Etudes germaniques, Université Paris-Sorbonne Paris IV",Paris,Non trouvé,Non trouvé,Non trouvé,,
"EILA - UFR Etudes interculturelles de langues appliquées, Université Paris Diderot",Paris,Non trouvé,Non trouvé,Non trouvé,,
"UFR 02 Economie, Université Panthéon-Sorbonne",Paris,Non trouvé,Non trouvé,Non trouvé,,
"UFR d'études germaniques et scandinaves université Charles de Gaulle, Université Lille 3",Lille,Non trouvé,Non trouvé,Non trouvé,,
"UFR d'études anglophones, Université Stendhal - Grenoble 3",Grenoble,Non trouvé,Non trouvé,Non trouvé,,
"ERLAOS - UFR d'études romanes, latino-américaines, orientales et slaves, Université Aix-Marseille I",Aix-en-Provence,Non trouvé,Non trouvé,Non trouvé,,
"UFR d'études européennes, Université de la Sorbonne Nouvelle",Paris,Non trouvé,Non trouvé,Non trouvé,,
"UFR droit, Université Paris-Est Créteil Val-de-Marne",Créteil,Non trouvé,Non trouvé,Non trouvé,,
"UFR Droit, Université Vincennes-Saint-Denis",Bobigny,Non trouvé,Non trouvé,Non trouvé,,
"UFR droit, sciences politiques et sociales (cycle master), Université Panthéon-Assas",Paris,Non trouvé,Non trouvé,Non trouvé,,
"UFR droit, sciences économiques et gestion - Université de Lorraine",Nancy,Non trouvé,Non trouvé,Non trouvé,,
"UFR droit - Faculté de droit, Université Paris Descartes",Nanterre,Non trouvé,Non trouvé,Non trouvé,,
"IEJ - UFR droit - Institut d'études judiciaires, Université Paris Descartes",Malakoff,Non trouvé,Non trouvé,Non trouvé,,
UFR droit et science politique - Université Bordeaux,Bordeaux,Non trouvé,Non trouvé,Non trouvé,,
"UFR droit, économie, gestion et AES, Université de Bretagne Occidentale",Brest,Non trouvé,Non trouvé,Non trouvé,,
"UFR droit, économie, gestion (cycle licence) - Centre Melun, Université Panthéon-Assas",Melun,Non trouvé,Non trouvé,Non trouvé,,
"UFR Droit - Pôle licence (Ecole de droit de La Sorbonne), Université Panthéon-Sorbonne",Paris,Non trouvé,Non trouvé,Non trouvé,,
"UFR droit et sciences politiques (cycle licence) (Centre Vaugirard), Université Panthéon-Assas",Paris,Non trouvé,Non trouvé,Non trouvé,,
"UFR d'oenologie, Université Bordeaux II",Bordeaux,Non trouvé,Non trouvé,Non trouvé,,
"UFR d'odontologie, Université de Reims Champagne-Ardenne",Reims,Non trouvé,Non trouvé,Non trouvé,,
"UFR droit économie gestion - Faculté Jean Monnet, Université Paris-Sud 11",Sceaux,Non trouvé,Non trouvé,Non trouvé,,
"UFR 05 Droit - Droit privé (Ecole de droit de La Sorbonne), Université Panthéon-Sorbonne",Paris,Non trouvé,Non trouvé,Non trouvé,,
"UFR d'odontologie, Université de Nantes",Nantes,Non trouvé,Non trouvé,Non trouvé,,
"UFR d'odontologie, Université Bordeaux II",Bordeaux,Non trouvé,Non trouvé,Non trouvé,,
"UFR droit, économie et administration, Université de Lorraine",Metz,Non trouvé,Non trouvé,Non trouvé,,
"UFR d'informatique, Université Toulouse I Capitole",Toulouse,Non trouvé,Non trouvé,Non trouvé,,
"ODONTO UM1 - UFR d'odontologie, Université Montpellier I",Montpellier,Non trouvé,Non trouvé,Non trouvé,,
"UFR d'Histoire, histoire de l'art et archéologie, Université de Nantes",Nantes,Non trouvé,Non trouvé,Non trouvé,,
"UFR d'histoire et géographie, Université d'Artois",Arras,Non trouvé,Non trouvé,Non trouvé,,
"UFR d'odontologie université d'Auvergne, Université Clermont-Ferrand I",Clermont-Ferrand,Non trouvé,Non trouvé,Non trouvé,,
"UFR d'odontologie, Université de Nice - Sophia Antipolis",Nice,Non trouvé,Non trouvé,Non trouvé,,
"UFR d'odontologie, Université de Bretagne Occidentale",Quimper,Non trouvé,Non trouvé,Non trouvé,,
"UFR d'histoire, Université de Caen Basse-Normandie",Caen,Non trouvé,Non trouvé,Non trouvé,,
"IEEA - UFR d'informatique électronique électrotechnique et automatique, Université Lille 1 - Sciences et Technologies",Lille,Non trouvé,Non trouvé,Non trouvé,,
"IDIST - UFR d'information-documentation, information scientifique et technique, Université Lille 3",Lille,Non trouvé,Non trouvé,Non trouvé,,
"SSPSD - UFR des sciences sociales pratiques sociales et développement, Université de Strasbourg",Strasbourg,Non trouvé,Non trouvé,Non trouvé,,
"UFR des sciences, Université Paris-Sud 11",Évry-Courcouronnes,Non trouvé,Non trouvé,Non trouvé,,
Université de Versailles Saint-Quentin-en-Yvelines - UFR des sciences,Versailles,Non trouvé,Non trouvé,Non trouvé,,
"UFR des sciences - Pôle scientifique Saint Leu, Université Picardie Jules Verne Amiens",Amiens,Non trouvé,Non trouvé,Non trouvé,,
"UFR droit, science politique et gestion, Université de La Rochelle",La Rochelle,Non trouvé,Non trouvé,Non trouvé,,
"UFR des sciences pharmaceutiques, Université Bordeaux II",Bordeaux,Non trouvé,Non trouvé,Non trouvé,,
"UFR d'histoire, arts et archéologie, Université Toulouse II",Toulouse,Non trouvé,Non trouvé,Non trouvé,,
"UFR des sciences pharmaceutiques et biologiques, Université de Bourgogne",Dijon,Non trouvé,Non trouvé,Non trouvé,,
"SJE UPVD - UFR des sciences juridiques et économiques - site de Narbonne, Université de Perpignan Via Domitia",Carcassonne,Non trouvé,Non trouvé,Non trouvé,,
"UFR des sciences humaines et arts, Université de Poitiers",Poitiers,Non trouvé,Non trouvé,Non trouvé,,
"SEE UPVD - UFR des sciences exactes et expérimentales, Université de Perpignan Via Domitia",Perpignan,Non trouvé,Non trouvé,Non trouvé,,
"SJE UPVD - UFR des sciences juridiques et économiques, Université de Perpignan Via Domitia",Perpignan,Non trouvé,Non trouvé,Non trouvé,,
"UFR des sciences historiques, Université de Strasbourg",Strasbourg,Non trouvé,Non trouvé,Non trouvé,,
"UFR des sciences et techniques, Université du Havre",Rouen,Non trouvé,Non trouvé,Non trouvé,,
UFR Sciences historiques artistiques et politiques - Université de Lille 3,Villeneuve-d'Ascq,Non trouvé,Non trouvé,Non trouvé,,
"UFR des sciences et techniques, Université de Tours",Tours,Non trouvé,Non trouvé,Non trouvé,,
"UFR des sciences et techniques, Université de Corse",Corte,Non trouvé,Non trouvé,Non trouvé,,
"UFR des sciences et techniques (site Saint-Martin), Université de Cergy-Pontoise",Cergy,Non trouvé,Non trouvé,Non trouvé,,
"UFR des sciences et techniques site du Madrillet, Université de Rouen",Rouen,Non trouvé,Non trouvé,Non trouvé,,
"UFR des sciences et techniques, Université de Rouen",Rouen,Non trouvé,Non trouvé,Non trouvé,,
"UFR des sciences du langage, de l'Homme et de la société, Université de Franche-Comté",Besançon,Non trouvé,Non trouvé,Non trouvé,,
"UFR STAPS - UFR des sciences du sport et de l'éducation physique (STAPS), Université Bordeaux II",Bordeaux,Non trouvé,Non trouvé,Non trouvé,,
"UFR des sciences de l'Homme, Université Bordeaux",Bordeaux,Non trouvé,Non trouvé,Non trouvé,,
"UFR STAPS - UFR des sciences du sport et de l'éducation physique, Université de Rouen",Rouen,Non trouvé,Non trouvé,Non trouvé,,
"UFR des sciences de la vie, Université Bordeaux II",Bordeaux,Non trouvé,Non trouvé,Non trouvé,,
"UFR des sciences économiques, Université de Poitiers",Poitiers,Non trouvé,Non trouvé,Non trouvé,,
"UFR des sciences économiques et de gestion, Université Paris 13",Villetaneuse,Non trouvé,Non trouvé,Non trouvé,,
"UFR de sports, tourisme et hôtellerie internationale - département tourisme Perpignan, Université de Perpignan Via Domitia",Perpignan,Non trouvé,Non trouvé,Non trouvé,,
"UFR de sociologie, Université de Nantes",Nantes,Non trouvé,Non trouvé,Non trouvé,,
Ecole d'économie - Université d'Auvergne,Clermont-Ferrand,Non trouvé,Non trouvé,Non trouvé,,
"UFR des lettres et arts, Université Stendhal - Grenoble 3",Grenoble,Non trouvé,Non trouvé,Non trouvé,,
"UFR des lettres des sciences de l'Homme et des sociétés, Université Paris 13",Villetaneuse,Non trouvé,Non trouvé,Non trouvé,,
UFR des sciences de la terre - Université Lille 1,Lille,Non trouvé,Non trouvé,Non trouvé,,
"UFR des langues vivantes, Université de Strasbourg",Strasbourg,Non trouvé,Non trouvé,Non trouvé,,
"UFR de sciences, Université du Mans",Le Mans,Non trouvé,Non trouvé,Non trouvé,,
"UFR de sciences, Université de Nice - Sophia Antipolis",Nice,Non trouvé,Non trouvé,Non trouvé,,
"UFR des lettres et langues, Université de Poitiers",Poitiers,Non trouvé,Non trouvé,Non trouvé,,
"UFR des lettres et sciences humaines, Université de Perpignan Via Domitia",Perpignan,Non trouvé,Non trouvé,Non trouvé,,
"LSHA - UFR des langues et sciences humaines appliquées, Université de Strasbourg",Strasbourg,Non trouvé,Non trouvé,Non trouvé,,
"UFR des lettres, langues, arts et sciences humaines, Université de La Rochelle",La Rochelle,Non trouvé,Non trouvé,Non trouvé,,
"UFR d'espaces et cultures, Université de Nice - Sophia Antipolis",Nice,Non trouvé,Non trouvé,Non trouvé,,
"UFR de sciences, Université de Caen Basse-Normandie",Caen,Non trouvé,Non trouvé,Non trouvé,,
"UFR des lettres, Université de Strasbourg",Strasbourg,Non trouvé,Non trouvé,Non trouvé,,
"UFR de sciences, Université d'Angers",Angers,Non trouvé,Non trouvé,Non trouvé,,
"UFR de sciences pharmaceutiques, Université de Nantes",Nantes,Non trouvé,Non trouvé,Non trouvé,,
"PHARMA UM1 - UFR de sciences pharmaceutiques, Université Montpellier I",Montpellier,Non trouvé,Non trouvé,Non trouvé,,
"UFR SSA - UFR de sciences sociales et administration, Université Paris Ouest Nanterre La Défense",Nanterre,Non trouvé,Non trouvé,Non trouvé,,
"UFR de sciences techniques et gestion de l'industrie site de Belfort, Université de Bourgogne Franche-Comté (COMUE), Université de Franche-Comté",Belfort,Non trouvé,Non trouvé,Non trouvé,,
"UFR SSH - UFR des sciences sociales, Université de Versailles Saint-Quentin-en-Yvelines",Guyancourt,Non trouvé,Non trouvé,Non trouvé,,
"UFR de sciences pharmaceutiques et d'ingénierie de la santé, Université d'Angers",Angers,Non trouvé,Non trouvé,Non trouvé,,
"UFR de sciences médicales, Université d'Angers",Angers,Non trouvé,Non trouvé,Non trouvé,,
"UFR de sciences de l'homme et de la société, Université d'Evry-Val-d'Essonne",Évry,Non trouvé,Non trouvé,Non trouvé,,
"UFR de sciences pharmaceutiques, Université de Caen Basse-Normandie",Caen,Non trouvé,Non trouvé,Non trouvé,,
"UFR de sciences pharmaceutiques, Université de Tours",Tours,Non trouvé,Non trouvé,Non trouvé,,
"UFR de sciences humaines, Université Pierre Mendès France - Grenoble 2",Grenoble,Non trouvé,Non trouvé,Non trouvé,,
"UFR de sciences psychologiques, sciences de l'éducation, Université Paris Ouest Nanterre La Défense",Nanterre,Non trouvé,Non trouvé,Non trouvé,,
"UFRip Droit, économie, gestion, Université d'Avignon et des Pays de Vaucluse",Avignon,Non trouvé,Non trouvé,Non trouvé,,
"UFR de sciences médicales et pharmaceutiques, Université de Franche-Comté",Besançon,Non trouvé,Non trouvé,Non trouvé,,
"UFR de sciences juridiques économiques politiques et gestion, Université de Franche-Comté",Besançon,Non trouvé,Non trouvé,Non trouvé,,
"UFR Sciences humaines, Université de Bourgogne",Dijon,Non trouvé,Non trouvé,Non trouvé,,
"UFR SHS - UFR de sciences humaines et sociales, Université Paris-Est Marne-La-Vallée",Melun,Non trouvé,Non trouvé,Non trouvé,,
"UFR3 UM3 - UFR3 de sciences humaines et sciences de l'environnement, Université Montpellier III",Montpellier,Non trouvé,Non trouvé,Non trouvé,,
"UFR de sciences géographiques et aménagement, Université Aix-Marseille I",Aix-en-Provence,Non trouvé,Non trouvé,Non trouvé,,
"UFR SFA - UFR de sciences fondamentales et appliquées, Université de Savoie",Chambéry,Non trouvé,Non trouvé,Non trouvé,,
"UFR de sciences exactes et sciences de la nature, Université d'Avignon",Avignon,Non trouvé,Non trouvé,Non trouvé,,
"UFR UM2 - UFR de sciences et techniques du Languedoc, Université Montpellier II",Montpellier,Non trouvé,Non trouvé,Non trouvé,,
"UFR de sciences exactes et naturelles, Université de Reims Champagne-Ardenne",Reims,Non trouvé,Non trouvé,Non trouvé,,
"UFR de sciences et techniques, Université de Bretagne Occidentale",Quimper,Non trouvé,Non trouvé,Non trouvé,,
"UFR de sciences et techniques, Université du Sud Toulon - Var",Toulon,Non trouvé,Non trouvé,Non trouvé,,
"UFR ST - UFR de sciences et techniques, Université de Franche-Comté",Besançon,Non trouvé,Non trouvé,Non trouvé,,
"UFR de sciences et techniques, Université de Bourgogne",Dijon,Non trouvé,Non trouvé,Non trouvé,,
"UFR de sciences et techniques, Université de Nantes",Nantes,Non trouvé,Non trouvé,Non trouvé,,
"SLA - UFR de sciences et langages appliqués, Université d'Avignon",Avignon,Non trouvé,Non trouvé,Non trouvé,,
"UFR de sciences, espaces, sociétés, Université Toulouse - Jean Jaurès",Toulouse,Non trouvé,Non trouvé,Non trouvé,,
"UFR de sciences de l'Homme et de la société, Université Grenoble Alpes (COMUE)",Grenoble,Non trouvé,Non trouvé,Non trouvé,,
"UFR de Sciences de la Terre et de l'Environnement, Université Aix-Marseille I",Marseille,Non trouvé,Non trouvé,Non trouvé,,
"UFR de sciences de la Terre et de la mer, Université Bordeaux I",Bordeaux,Non trouvé,Non trouvé,Non trouvé,,
"UFR de sciences de la matière, Université Paris-Est Marne-La-Vallée",Melun,Non trouvé,Non trouvé,Non trouvé,,
"UFR de sciences de la communication, Université Paris 13",Bobigny,Non trouvé,Non trouvé,Non trouvé,,
"UFR de sciences de Cherbourg, Université de Caen Basse-Normandie",Saint-Lô,Non trouvé,Non trouvé,Non trouvé,,
"UFR de sciences de l'éducation, Université Lille 3",Lille,Non trouvé,Non trouvé,Non trouvé,,
Faculté d'économie - Université de Montpellier,Montpellier,Non trouvé,Non trouvé,Non trouvé,,
"UFR de sciences de la vie et de la Terre, Université Toulouse III",Toulouse,Non trouvé,Non trouvé,Non trouvé,,
"UFR5 UM3 - UFR5 de sciences du sujet et de la société, Université Montpellier III",Montpellier,Non trouvé,Non trouvé,Non trouvé,,
"UFR de sciences de la matière, Université Aix-Marseille I",Marseille,Non trouvé,Non trouvé,Non trouvé,,
"UFR4 UPVM3 - Faculté des sciences sociales, des organisations et des institutions, Université Paul Valéry Montpellier 3",Montpellier,Non trouvé,Non trouvé,Non trouvé,,
"UFR de sciences économiques et de gestion, Université de Caen Basse-Normandie",Caen,Non trouvé,Non trouvé,Non trouvé,,
"UFR des Humanités et Sciences Sociales, Université de Caen Normandie",Caen,Non trouvé,Non trouvé,Non trouvé,,
"UFR de sciences du langage, Université Stendhal - Grenoble 3",Grenoble,Non trouvé,Non trouvé,Non trouvé,,
"UFR de sciences de la vie, Université Pierre et Marie Curie - UPMC",Paris,Non trouvé,Non trouvé,Non trouvé,,
"UFR de sciences économiques et de gestion, Université de Bourgogne",Dijon,Non trouvé,Non trouvé,Non trouvé,,
UFR de sciences économiques et gestion - Université de Toulon,Toulon,Non trouvé,Non trouvé,Non trouvé,,
"UFR de sciences économiques et gestion, Université de Reims Champagne-Ardenne",Reims,Non trouvé,Non trouvé,Non trouvé,,
"UFR SEGMI - UFR de sciences économiques, gestion, mathématiques, informatique, Université Paris Ouest Nanterre La Défense",Nanterre,Non trouvé,Non trouvé,Non trouvé,,
"UFR SEG - UFR de sciences économiques et de gestion, Université Paris-Est Marne-La-Vallée",Champs-sur-Marne,Non trouvé,Non trouvé,Non trouvé,,
"UFR de sciences biologiques, Université Bordeaux I",Bordeaux,Non trouvé,Non trouvé,Non trouvé,,
"Faculté des arts, Université de Strasbourg",Strasbourg,Non trouvé,Non trouvé,Non trouvé,,
"UFR de santé médecine biologie humaine - Léonard de Vinci, Université Paris 13",Bobigny,Non trouvé,Non trouvé,Non trouvé,,
"UFR de psychologie, sciences de l'éducation, Université Aix-Marseille",Aix-en-Provence,Non trouvé,Non trouvé,Non trouvé,,
"UFR de physique, Université Lille 1 - Sciences et Technologies",Lille,Non trouvé,Non trouvé,Non trouvé,,
"UFR de psychologie, Université Toulouse II",Toulouse,Non trouvé,Non trouvé,Non trouvé,,
"UFR de psychologie, Université Lille 3",Lille,Non trouvé,Non trouvé,Non trouvé,,
"PLISE - UFR de philosophie, linguistique et sciences de l'éducation, Université de Strasbourg",Strasbourg,Non trouvé,Non trouvé,Non trouvé,,
"UFR de pharmacie, Université Joseph Fourier - Grenoble 1",Grenoble,Non trouvé,Non trouvé,Non trouvé,,
"UFR de pharmacie, Université de Reims Champagne-Ardenne",Reims,Non trouvé,Non trouvé,Non trouvé,,
"UFR de pharmacie, Université Clermont-Ferrand I",Clermont-Ferrand,Non trouvé,Non trouvé,Non trouvé,,
"UFR de médecine, Université Paris-Est Créteil Val-de-Marne",Créteil,Non trouvé,Non trouvé,Non trouvé,,
"UFR de médecine, Université Joseph Fourier - Grenoble 1",Grenoble,Non trouvé,Non trouvé,Non trouvé,,
"UFR de psychologie, Université de Caen Basse-Normandie",Caen,Non trouvé,Non trouvé,Non trouvé,,
"UFR de psychologie, sciences sociales, sciences de l'éducation, Université Clermont-Ferrand II",Clermont-Ferrand,Non trouvé,Non trouvé,Non trouvé,,
"UFR de médecine, Université de Tours",Tours,Non trouvé,Non trouvé,Non trouvé,,
"UFR de physique chimie automatique, Université Toulouse III",Toulouse,Non trouvé,Non trouvé,Non trouvé,,
"UFR de philosophie université Charles de Gaulle, Université Lille 3",Lille,Non trouvé,Non trouvé,Non trouvé,,
"UFR de physique et ingénierie, Université de Strasbourg",Strasbourg,Non trouvé,Non trouvé,Non trouvé,,
"UFR de physique, Université Bordeaux I",Bordeaux,Non trouvé,Non trouvé,Non trouvé,,
"UFR de philosophie, Université Rennes 1",Rennes,Non trouvé,Non trouvé,Non trouvé,,
"UFR de médecine, Université de Reims Champagne-Ardenne",Reims,Non trouvé,Non trouvé,Non trouvé,,
"UFR de médecine, Université de Nice - Sophia Antipolis",Nice,Non trouvé,Non trouvé,Non trouvé,,
"UFR de médecine, Université de Caen Basse-Normandie",Caen,Non trouvé,Non trouvé,Non trouvé,,
"UFR de médecine et techniques médicales, Université de Nantes",Nantes,Non trouvé,Non trouvé,Non trouvé,,
"UFR de médecine (site Villemin), Université Paris Diderot",Paris,Non trouvé,Non trouvé,Non trouvé,,
"UFR de médecine (site Xavier Bichat), Université Paris Diderot",Paris,Non trouvé,Non trouvé,Non trouvé,,
"UFR de mathématiques, Université Paris-Est Marne-La-Vallée",Melun,Non trouvé,Non trouvé,Non trouvé,,
"UFR de mathématiques, Université Lille 1 - Sciences et Technologies",Lille,Non trouvé,Non trouvé,Non trouvé,,
"UFR de médecine, Université Clermont-Ferrand I",Clermont-Ferrand,Non trouvé,Non trouvé,Non trouvé,,
"UFR de médecine et pharmacie, Université de Rouen",Rouen,Non trouvé,Non trouvé,Non trouvé,,
"MED MTP UM1 - UFR de médecine Montpellier 1, Université Montpellier I",Montpellier,Non trouvé,Non trouvé,Non trouvé,,
"UFR de médecine, Université de Bourgogne",Dijon,Non trouvé,Non trouvé,Non trouvé,,
"UFR de médecine et pharmacie, Université de Poitiers",Poitiers,Non trouvé,Non trouvé,Non trouvé,,
"UFR de médecine et des sciences de la santé, Université de Bretagne Occidentale",Quimper,Non trouvé,Non trouvé,Non trouvé,,
"MED NIM UM1 - UFR de médecine - antenne de Nîmes, Université Montpellier I",Nîmes,Non trouvé,Non trouvé,Non trouvé,,
"UFR Mathématiques, informatique, management, économie, Université de Lille 3",Villeneuve-d'Ascq,Non trouvé,Non trouvé,Non trouvé,,
"UFR de mathématiques et informatique, Université Bordeaux I",Bordeaux,Non trouvé,Non trouvé,Non trouvé,,
"UFR de l'Orient et du monde arabe, Université de la Sorbonne Nouvelle",Paris,Non trouvé,Non trouvé,Non trouvé,,
"UFR de littérature générale et comparée, Université de la Sorbonne Nouvelle",Paris,Non trouvé,Non trouvé,Non trouvé,,
"Université Paris Ouest Nanterre La Défense - UFR Philosophie, Information-Communication, Langage, Littérature, Arts du spectacle",Nanterre,Non trouvé,Non trouvé,Non trouvé,,
"UFR de lettres, langues, sciences humaines et sport, Université Pau et Pays de l'Adour",Pau,Non trouvé,Non trouvé,Non trouvé,,
"UFR de littérature et linguistique françaises et latines, Université de la Sorbonne Nouvelle",Paris,Non trouvé,Non trouvé,Non trouvé,,
"UFR de lettres, philosophie et musique, Université Toulouse II",Toulouse,Non trouvé,Non trouvé,Non trouvé,,
"UFR de linguistique et phonétique générales et appliquées, Université de la Sorbonne Nouvelle",Paris,Non trouvé,Non trouvé,Non trouvé,,
"UFR de lettres modernes, Université Lille 3",Lille,Non trouvé,Non trouvé,Non trouvé,,
"IUP Tourisme, Université de Nice - Sophia Antipolis",Nice,Non trouvé,Non trouvé,Non trouvé,,
"2001 - IUP Sport et management, Université Bordeaux II",Pau,Non trouvé,Non trouvé,Non trouvé,,
"IUP PVIA - IUP productions végétales et industries agroalimentaires, Université Picardie Jules Verne Amiens",Amiens,Non trouvé,Non trouvé,Non trouvé,,
"IUPML - IUP métiers du livre, Université Pierre Mendès France - Grenoble 2",Grenoble,Non trouvé,Non trouvé,Non trouvé,,
"IUP Management et gestion des entreprises, Université de Nice - Sophia Antipolis",Nice,Non trouvé,Non trouvé,Non trouvé,,
"IUP Miage, Université de Nice - Sophia Antipolis",Nice,Non trouvé,Non trouvé,Non trouvé,,
"Ecole universitaire de management, Université d'Auvergne",Clermont-Ferrand,Non trouvé,Non trouvé,Non trouvé,,
"IUP MIAGE - IUP méthodes informatiques appliquées à la gestion des entreprises, Université Picardie Jules Verne Amiens",Amiens,Non trouvé,Non trouvé,Non trouvé,,
"ULCO - Centre universitaire des Darses, Université du Littoral - Côte d'Opale",Dunkerque,Non trouvé,Non trouvé,Non trouvé,,
"ULCO - Centre universitaire Descartes, Université du Littoral - Côte d'Opale",Arras,Non trouvé,Non trouvé,Non trouvé,,
"Centre universitaire de Sarreguemines - Antenne de droit, Université de Lorraine",Sarreguemines,Non trouvé,Non trouvé,Non trouvé,,
"UFR Economie et gestion - antenne d'Arles, Université d'Aix-Marseille",Arles,Non trouvé,Non trouvé,Non trouvé,,
"Centre universitaire d'Agen - site du Pin, Université Bordeaux III",Agen,Non trouvé,Non trouvé,Non trouvé,,
"UFR de droit, des sciences économiques et de gestion - site de Laval, Université du Maine",Changé,Non trouvé,Non trouvé,Non trouvé,,
"DEJA - Département d'études juridiques d'Agen, Université de Bordeaux",Agen,Non trouvé,Non trouvé,Non trouvé,,
"Centre universitaire de la Charente site Segonzac annexe UFR de Droit Poitiers, Université de Poitiers",Angoulême,Non trouvé,Non trouvé,Non trouvé,,
"Centre universitaire de Montperrin, Université Paul Cézanne - Aix-Marseille III",Aix-en-Provence,Non trouvé,Non trouvé,Non trouvé,,
"CUEEP - Boulogne-sur-Mer, Université du Littoral Côte d'Opale",Arras,Non trouvé,Non trouvé,Non trouvé,,
CUCDB - Centre universitaire catholique de Bourgogne,Dijon,Non trouvé,Non trouvé,Non trouvé,,
"CUEEP - ULCO - Centre universitaire économie éducation permanente, Université du Littoral - Côte d'Opale",Arras,Non trouvé,Non trouvé,Non trouvé,,
"CUEEP - ULCO - Centre universitaire économie éducation permanente, Université du Littoral - Côte d'Opale",Lille,Non trouvé,Non trouvé,Non trouvé,,
"UFR Droit et science politique - antenne d'Arles, Université d'Aix-Marseille",Aix-en-Provence,Non trouvé,Non trouvé,Non trouvé,,
"Centre Saint-Charles, Université Aix-Marseille I",Marseille,Non trouvé,Non trouvé,Non trouvé,,
"Centre Stendhal de Valence, Université Stendhal - Grenoble 3",Valence,Non trouvé,Non trouvé,Non trouvé,,
"ULCO - Centre universitaire Capécure, Université du Littoral - Côte d'Opale",Boulogne-sur-Mer,Non trouvé,Non trouvé,Non trouvé,,
"Centre universitaire Condorcet, Université de Bourgogne",Le Creusot,Non trouvé,Non trouvé,Non trouvé,,
"CPPCA - Centre pluridisciplinaire des préparations aux concours administratifs, Université Paul Verlaine de Metz",Metz,Non trouvé,Non trouvé,Non trouvé,,
"Faculté de droit et des sciences économiques - site de Brive, Université de Limoges",Brive-la-Gaillarde,Non trouvé,Non trouvé,Non trouvé,,
"CILEC - Centre international de langue et civilisation, Université Jean Monnet de Saint-Etienne",Saint-Étienne,Non trouvé,Non trouvé,Non trouvé,,
"CEU - Centre européen universitaire, Nancy-Université - Nancy 2",Nancy,Non trouvé,Non trouvé,Non trouvé,,
"CEERE - Centre européen d'enseignement et de recherche en éthique, Université de Strasbourg",Strasbourg,Non trouvé,Non trouvé,Non trouvé,,
"CEUBA - Centre d'études universitaires de Bourg et de l'Ain, Université Jean Moulin - Lyon 3",Bourg-en-Bresse,Non trouvé,Non trouvé,Non trouvé,,
"Centre d'études supérieures de Châteauroux, Université d'Orléans",Châteauroux,Non trouvé,Non trouvé,Non trouvé,,
"CESS - Centre d'études scientifiques supérieures d'Epinal - antenne de la faculté des sciences de Vandoeuvre, Nancy-Université - Université Henri Poincaré",Nancy,Non trouvé,Non trouvé,Non trouvé,,
"CESS - Centre d'études scientifiques supérieures de Bar le Duc, Nancy-Université - Université Henri Poincaré",Nancy,Non trouvé,Non trouvé,Non trouvé,,
"CEJE - Centre d'études juridiques d'Epinal, Université de Lorraine",Épinal,Non trouvé,Non trouvé,Non trouvé,,
"CERCOL - Centre d'études et recherches sur l'urbanisme construction et logement, Université Panthéon-Assas",Paris,Non trouvé,Non trouvé,Non trouvé,,
"CEIPI - Centre d'études internationales de la propriété intellectuelle, Université de Strasbourg",Strasbourg,Non trouvé,Non trouvé,Non trouvé,,
"UFRAPS - Centre Drôme-Ardèche Site Rabelais, Université Joseph Fourier - Grenoble 1",Valence,Non trouvé,Non trouvé,Non trouvé,,
Centre des relations avec les entreprises et de la formation permanente,Nanterre,Non trouvé,Non trouvé,Non trouvé,,
"CDA - Centre Drôme-Ardèche Site Briffaut, Université Joseph Fourier - Grenoble 1",Valence,Non trouvé,Non trouvé,Non trouvé,,
"CERMOSEM - Centre de recherches montagnes sèches et méditerranéennes, Université Joseph Fourier - Grenoble 1",Privas,Non trouvé,Non trouvé,Non trouvé,,
"CPAG - Centre de préparation à l'administration générale, Université de Bordeaux",Pessac,Non trouvé,Non trouvé,Non trouvé,,
CPAG - Centre de préparation à l'administration générale Aix-Marseille,Aix-en-Provence,Non trouvé,Non trouvé,Non trouvé,,
"Centre de préparation aux concours administratifs - Faculté de droit, Université Pau et Pays de l'Adour",Pau,Non trouvé,Non trouvé,Non trouvé,,
"CERI - Centre d'enseignement et de recherche en informatique, Université d'Avignon",Avignon,Non trouvé,Non trouvé,Non trouvé,,
"Centre de gestion universitaire Saint-Louis, Université du Littoral Côte d'Opale",Boulogne-sur-Mer,Non trouvé,Non trouvé,Non trouvé,,
"Centre de gestion universitaire de la Mi-Voix, Université du Littoral - Côte d'Opale",Arras,Non trouvé,Non trouvé,Non trouvé,,
"ULCO - Centre de gestion universitaire de la Citadelle, Université du Littoral - Côte d'Opale",Lille,Non trouvé,Non trouvé,Non trouvé,,
"Centre de formation permanente, Université Panthéon-Assas",Paris,Non trouvé,Non trouvé,Non trouvé,,
"Centre de formation des musiciens intervenants, Université Aix-Marseille I",Aix-en-Provence,Non trouvé,Non trouvé,Non trouvé,,
"Centre de formation de musiciens intervenants, Université Paris-Sud 11",Évry-Courcouronnes,Non trouvé,Non trouvé,Non trouvé,,
"CFMI - Centre de formation de musiciens intervenants à l'école, Université Lille 3",Lille,Non trouvé,Non trouvé,Non trouvé,,
"CFMI - Centre de formation de musiciens intervenants, Université de Strasbourg",Strasbourg,Non trouvé,Non trouvé,Non trouvé,,
"CFMI - Centre de formation de musiciens intervenant à l'école, Université Rennes 2",Rennes,Non trouvé,Non trouvé,Non trouvé,,
"INALCO CFI - Centre de communication et formation interculturelles, Institut national des langues et civilisations orientales",Paris,Non trouvé,Non trouvé,Non trouvé,,
"CEPPES - Centre d'éducation permanente et de promotion économique et sociale, Université de Valenciennes",Lille,Non trouvé,Non trouvé,Non trouvé,,
CELSA - Paris Sorbonne,Nanterre,Non trouvé,Non trouvé,Non trouvé,,
"Antenne universitaire UFR langues, littératures et civilisations étrangères Toulouse II, Université Toulouse II",Foix,Non trouvé,Non trouvé,Non trouvé,,
"Antenne universitaire UFR sciences, espaces et sociétés, Université Toulouse II",Foix,Non trouvé,Non trouvé,Non trouvé,,
"Antenne universitaire UFR Histoire, arts et archéologie Toulouse II, Université Toulouse II",Cahors,Non trouvé,Non trouvé,Non trouvé,,
"Antenne universitaire UFR histoire, arts et archéologie, Université Toulouse Montauban",Montauban,Non trouvé,Non trouvé,Non trouvé,,
"Antenne UFR lettres, langues et sciences humaines, Université Pau et Pays de l'Adour",Tarbes,Non trouvé,Non trouvé,Non trouvé,,
"ASUC - Antenne scientifique universitaire de Chartres, Université d'Orléans",Orléans,Non trouvé,Non trouvé,Non trouvé,,
"Antenne scientifique universitaire de Bourges, Université d'Orléans",Orléans,Non trouvé,Non trouvé,Non trouvé,,
"Antenne du département de lettres, langues et art (CUFR Jean-François Champollion)",Rodez,Non trouvé,Non trouvé,Non trouvé,,
"Antenne du département de droit, économie, gestion (INU Jean-François Champollion), Institut National Universitaire Jean-François Champollion",Rodez,Non trouvé,Non trouvé,Non trouvé,,
"Antenne de Beauvais, Université Picardie Jules Verne Amiens",Compiègne,Non trouvé,Non trouvé,Non trouvé,,
"Antenne de l'UFR sciences et techniques, Université Pau et Pays de l'Adour",Tarbes,Non trouvé,Non trouvé,Non trouvé,,
"Antenne de l'UFR sciences et techniques de Mont Saint-Aignan, Université de Rouen",Évreux,Non trouvé,Non trouvé,Non trouvé,,
"UFR de droit de l'université de Rouen - Antenne Campus d'Evreux, Université de Rouen",Évreux,Non trouvé,Non trouvé,Non trouvé,,
"ISEM UM - Institut des sciences de l'entreprise et du management - antenne d'Orfeuillette, Université de Montpellier",Albaret-Sainte-Marie,Non trouvé,Non trouvé,Non trouvé,,
"Antenne de la faculté des sciences et techniques de Limoges (Section STAPS), Université de Limoges",Tulle,Non trouvé,Non trouvé,Non trouvé,,
"ISTV - Antenne de l'Institut des sciences et techniques de Valenciennes - Maubeuge, Université de Valenciennes",Lille,Non trouvé,Non trouvé,Non trouvé,,
"Antenne de la faculté des sciences du sport, Université Picardie Jules Verne Amiens",Laon,Non trouvé,Non trouvé,Non trouvé,,
"UFR Droit et science politique - antenne de Marseille, Université d'Aix-Marseille",Marseille,Non trouvé,Non trouvé,Non trouvé,,
"FEG - Faculté Economie et gestion - site Canebière, Université d'Aix-Marseille",Marseille,Non trouvé,Non trouvé,Non trouvé,,
"Antenne de Gap de la faculté des sciences du sport de Luminy, Université Aix-Marseille II",Gap,Non trouvé,Non trouvé,Non trouvé,,
"Pôle universitaire - antenne de Gap, Université d'Aix-Marseille",Gap,Non trouvé,Non trouvé,Non trouvé,,
"UPVM3 - Antenne de Béziers, Université Paul Valéry Montpellier 3",Montpellier,Non trouvé,Non trouvé,Non trouvé,,
Université Paris Ouest Nanterre La Défense,Nanterre,Non trouvé,Non trouvé,Non trouvé,,
Université Paris Dauphine - PSL,Paris,Non trouvé,Non trouvé,Non trouvé,,
Faculté de Médecine Paris Descartes,Paris,Non trouvé,Non trouvé,Non trouvé,,
Université Paris V - Paris-Descartes,Paris,Non trouvé,Non trouvé,Non trouvé,,
Université Paris Panthéon-Sorbonne,Paris,Non trouvé,Non trouvé,Non trouvé,,
Centre Audiovisuel d'Études Juridiques,Paris,Non trouvé,Non trouvé,Non trouvé,,
Université d'Aix-Marseille,Marseille,Non trouvé,Non trouvé,Non trouvé,,
Université d'Avignon et des pays du Vaucluse,Avignon,Non trouvé,Non trouvé,Non trouvé,,
Université de Picardie Jules Verne,Compiègne,Non trouvé,Non trouvé,Non trouvé,,
Université de technologie de Compiègne,Compiègne,Non trouvé,Non trouvé,Non trouvé,,
Université de Franche-Comté,Besançon,Non trouvé,Non trouvé,Non trouvé,,
Université de technologie de Belfort-Montbéliard,Besançon,Non trouvé,Non trouvé,Non trouvé,,
Université  Bordeaux 1,Bordeaux,Non trouvé,Non trouvé,Non trouvé,,
"Université ""Victor Segalen""  Bordeaux 2",Bordeaux,Non trouvé,Non trouvé,Non trouvé,,
Université Michel de Montaigne  Bordeaux 3,Bordeaux,Non trouvé,Non trouvé,Non trouvé,,
Université Montesquieu  Bordeaux 4,Bordeaux,Non trouvé,Non trouvé,Non trouvé,,
Université de Pau et des Pays de l'Adour,Pau,Non trouvé,Non trouvé,Non trouvé,,
Université de Versailles-Saint-Quentin-en-Yvelines,Versailles,Non trouvé,Non trouvé,Non trouvé,,
"IDEA Lyon - Institut de droit et d'économie des affaires, Université Jean Moulin - Lyon 3",Lyon,Non trouvé,Non trouvé,Non trouvé,,
"Faculté libre de droit Paris (FLD) - Université catholique de Lille, campus de Paris",Issy-les-Moulineaux,Non trouvé,Non trouvé,Non trouvé,,