Nom,Ville,Email,Téléphone,Site Web,Adresse,Formations
IESEG School of Management Lille,Lille,ieseg@ieseg.frs,33320545892,Non trouvé,,
IESEG School of Management Paris,Paris,ieseg@ieseg.frs,33320545892,https://www.ieseg.fr/?utm_source=PartDiplomeo20240314Ecole&utm_medium=FicheEcole&utm_campaign=RFrance?utm_source=diplomeos,,
Clermont School of Business,Clermont-Ferrand,info@esc-clermont.frs,33473982424,https://www.clermont-sb.fr/?utm_source=diplomeos,,
Aurlom BTS +,Paris,aurlombtsplus@gmail.coms,33140411238,https://www.aurlom.com/bts.html?utm_source=diplomeos,,
H3 Campus Paris,Paris,contact@h3campus.frs,33142800049,https://h3campus.fr/?utm_source=diplomeos,,
IRIIG,Lyon 7e,contact@iriig.coms,0484350526,https://www.iriig.com/?utm_source=diplomeos,,
FMS - LՎcole de commerce du Food Business - Paris,Paris,admission@fms-school.coms,0184831470,https://food-management-school.com/?utm_source=Diplomeo&utm_medium=mini+site+FMS+sur+diplomeo&utm_campaign=Site+FMS+diplomeo&utm_content=bouton+site+fms?utm_source=diplomeos,,
SMBS - L'école de commerce de la santé - Paris,Paris 13e,smbs@smbs-school.coms,33184831471,https://sante-management-school.com/?utm_source=diplomeos,,
Ecole de Management de Normandie - Paris,Paris,admissions@em-normandie.frs,33175000076,https://www.em-normandie.com/?utm_source=site_referencement&utm_medium=site_lien&utm_campaign=diplomeo?utm_source=diplomeos,,
Ecole de Management de Normandie - Caen,Caen,admissions@em-normandie.frs,330231467878,https://www.em-normandie.com/?utm_source=site_referencement&utm_medium=site_lien&utm_campaign=diplomeo?utm_source=diplomeos,,
IFAG - Institut de formation aux affaires et à la gestion - Auxerre,Auxerre,recrutement.es@pole-formation.nets,33608777568,https://www.ifag.com/campus/auxerre?utm_source=diplomeos,,
ESPAS,Lille,espas@univ-catholille.frs,0320549090,https://ecole-espas.fr/?utm_source=partenaires&utm_medium=résultatsderecherchenaturels&utm_campaign=diplomeo?utm_source=diplomeos,,
ESICAD - Ecole supérieure privée de commerce et gestion - Montpellier,Montpellier,montpellier@esicad.coms,33467105756,https://www.esicad.com/?utm_source=diplomeos,,
TALIS Paris,Paris 11e,paris@talis-bs.coms,0140388786,https://www.talis.community/?utm_source=diplomeos,,
ESARC Toulouse,Toulouse,toulouse@esarc-evolution-toulouse.frs,33561399798,Non trouvé,,
IFAG - Institut de formation aux affaires et à la gestion - Rennes,Rennes,Non trouvé,Non trouvé,Non trouvé,,
AFOREM Rennes,Rennes,formation@aforem.frs,33299354600,https://www.aforem.fr/ecole/campus-rennes/?utm_source=diplomeos,,
ESGF - Ecole  Supérieure de Gestion et Finance Paris,Courbevoie,admissions@esgf.frs,33186472994,Non trouvé,,
ESGCI,Paris,admissions@esgci.coms,33186472993,https://www.esgci.com?utm_source=diplomeos,,
ESVE,Paris,Non trouvé,Non trouvé,Non trouvé,,
TALIS Bayonne,Bayonne,bayonne@talis-bs.coms,33564100913,https://www.talis.community/?utm_source=diplomeo&utm_campaign=2025&utm_medium=ficheecole?utm_source=diplomeos,,
Ecole Pigier - Paris,Paris,parisperformance@pigier.coms,33155070755,https://www.pigier.com/ecole-commerce-paris?utm_source=diplomeos,,
Ecole Pigier - Saint Quentin en Yvelines,Montigny-le-Bretonneux,Non trouvé,Non trouvé,Non trouvé,,
Ecole Pigier - Nancy,Nancy,nancy@pigier.coms,33383359797,https://www.pigier.com/ecole-commerce-nancy?utm_source=diplomeos,,
ENC Nantes,Nantes,admission-enc@enc-nantes.frs,33240489871,https://www.enc-nantes.fr/?utm_source=diplomeos,,
EDC Paris Business School,Puteaux,Non trouvé,Non trouvé,Non trouvé,,
IFAG - Institut de formation aux affaires et à la gestion - Toulouse,Balma,patty.meunier@ifag.frs,33607033267,Non trouvé,,
IFAG - Institut de formation aux affaires et à la gestion - Paris,Courbevoie,paris@ifag.coms,33146592076,Non trouvé,,
IFAG - Institut de formation aux affaires et à la gestion - Angers,Trélazé,marion.lefeuvre@ifag.frs,33241391359,Non trouvé,,
H3 Campus Cergy Pontoise,Saint-Ouen-l'Aumône,contact@h3campus.frs,33134485555,https://www.h3campus.fr/?utm_source=diplomeos,,
iaelyon School of Management,Lyon 8e,margaux.francois@univ-lyon3.frs,33478787066,Non trouvé,,
IFAG - Institut de formation aux affaires et à la gestion - Lyon,Lyon,lyon@ifag.coms,33472857285,Non trouvé,,
ICL - L'école des Business Developers - Campus de Lyon,Lyon 9e,info@icl.frs,33472857374,Non trouvé,,
MBS,Montpellier,concours.pge@Montpellier-BS.coms,33467102500,Non trouvé,,
FORMASUP Campus,Bordeaux,admissions@formasup-campus.frs,33556340173,https://www.formasup-campus.com/?utm_source=diplomeos,,
ESTICE - International Management,Lille,estice@univ-catholille.frs,0320549090,https://estice.fr/utm_source=partenaires&utm_medium=résultatsderecherchenaturels&utm_campaign=diplomeo?utm_source=diplomeos,,
ISTEF - Institut supérieur technique d'enseignement et de formation,Toulouse,istef@istef.frs,33534415390,Non trouvé,,
PPA BUSINESS SCHOOL - PARIS,Paris 14e,admissions@ppa.frs,33140790290,https://www.ppa.fr/ecole-commerce-alternance.html?utm_source=diplomeo&utm_medium=brand_content&utm_campaign=dossier_de_presse&utm_content=site_etablissement?utm_source=diplomeos,,
ESLSCA Business School,Paris,communication@eslsca.frs,33173286244,Non trouvé,,
Ecole Pigier - Nice,Nice,nice@pigier.coms,33493298333,https://www.pigier.com/ecole-commerce-nice?utm_source=diplomeos,,
Ecole Pigier - Nîmes,Nîmes,nimes@pigier.coms,0466388700,https://www.pigier.com/ecole-commerce-nimes?utm_source=diplomeos,,
ESICAD - Ecole supérieure privée de commerce et gestion - Toulouse,Labège,toulouse@esicad.coms,33561390363,Non trouvé,,
Ecole Pigier - Montpellier,Montpellier,montpellier@pigier.coms,33467105858,https://www.pigier.com/ecole-commerce-montpellier?utm_source=diplomeos,,
Sup Career Paris -  Omnes Education,Paris,admissions@supcareer.frs,33144522584,https://www.supcareer.com/?ept-publisher=diplomeo&ept-name=supk-psg-mixte-fall-2025&ept-location=na-national-psg-NA&utm_medium=partenariat&utm_campaign=supk-psg-mixte-fall-2025&utm_source=diplomeo&utm_content=na-national-psg-NA?utm_source=diplomeos,,
Talis  Bordeaux,Bordeaux,bordeaux@talis-bs.coms,33557224242,https://www.talis.community/?utm_source=diplomeos,,
Euridis Business School - Campus de Paris - Saint Lazare,Paris 9e,admission@euridis-ecole.eus,330155999830,https://www.euridis-ecole.com/campus/campus-de-paris/?utm_source=diplomeo&utm_medium=fiche-ecole&utm_campaign=2022?utm_source=diplomeos,,
IPAG Business School - Campus de Nice,Nice,admissions-paris@ipag.frs,33493133900,https://www.ipag.edu/?utm_source=diplomeos,,
Ecole Pigier - Aix-en-Provence,Aix-en-Provence,aixenprovence@pigier.coms,0495051880,https://www.pigier.com/ecole-commerce-aix-en-provence?utm_source=diplomeos,,
Ecole Pigier - Marseille,Marseille,marseille@pigier.coms,0495051880,https://www.pigier.com/ecole-commerce-marseille?utm_source=diplomeos,,
MBway - Angers,Angers,angers@mbway.coms,33241739691,https://www.mbway.com/mba-angers?utm_source=diplomeos,,
MBway - Lille,Marcq-en-Barœul,lille@mbway.coms,3366729630,Non trouvé,,
MBway - Lyon,Lyon,lyon@mbway.coms,33472913638,https://www.mbway.com/?utm_source=diplomeos,,
MBway - Montpellier,Mauguio,montpellier@mbway.coms,33467105766,https://www.mbway.com/?utm_source=diplomeos,,
KEDGE Business School Bordeaux,Bordeaux,info@kedgebs.coms,33556845555,https://kedge.edu/?utm_source=Diplomeo&utm_medium=Partner&utm_campaign=Page_campus?utm_source=diplomeos,,
IFAG - Institut de formation aux affaires et à la gestion - Nantes,Nantes,nantes@ifag.coms,33170798935,Non trouvé,,
IFAG - Institut de formation aux affaires et à la gestion - Bordeaux,Bordeaux,bordeaux@ifag.coms,33557929303,Non trouvé,,
IFAG - Institut de formation aux affaires et à la gestion - Lille,Lille,flore.lefevere@ifag.frs,33366722244,Non trouvé,,
IFAG - Institut de formation aux affaires et à la gestion - Amiens,Amiens,amiens@ifag.coms,33322717101,Non trouvé,,
Ecole Internationale de Management de Paris,Paris,info@eimparis.coms,33142037700,https://eimparis.com/?utm_source=diplomeos,,
ISME Nantes,Nantes,contact@isme.frs,33240505637,Non trouvé,,
Ipac Bachelor Factory Angers,Angers,angers@ipacfactory.coms,33241739744,https://www.ipacbachelorfactory.com/?utm_source=diplomeos,,
Ipac Bachelor Factory de Lille,Marcq-en-Barœul,lille@ipacfactory.coms,0366060698,https://www.ipacbachelorfactory.com/?utm_source=diplomeos,,
IPAC Bachelor Factory Paris-Ouest,Levallois-Perret,parisouest@ipacfactory.coms,33179360069,https://www.ipacbachelorfactory.com/?utm_source=diplomeos,,
Ipac Bachelor Factory Paris Sud,Boulogne-Billancourt,parissud@ipacfactory.coms,33141099920,https://www.ipacbachelorfactory.com/?utm_source=diplomeos,,
TALIS Bergerac,Bergerac,developpement.bgc@talis-bs.coms,33553221200,https://www.talis.community//?utm_source=diplomeo&utm_campaign=2024&utm_medium=ficheecole?utm_source=diplomeos,,
H3 Campus Poissy,Paris,contact@h3campus.frs,33130063306,https://www.h3campus.fr/?utm_source=diplomeos,,
MBA ESG,Paris 11e,conseiller.formation@mba-esg.coms,33155256182,https://www.mba-esg.com/?utm_source=diplomeos,,
École Supérieure des Pays de Loire -  Angers,Angers,contact@espl.frs,33241732030,https://www.espl.fr/?utm_source=diplomeos,,
MBA Pôle Paris Alternance,Montrouge,admissions@mba-ppa.frs,33144681147,Non trouvé,,
KEDGE Business School Marseille,Marseille,astrid.lerat@kedgebs.coms,33491827800,https://kedge.edu/?utm_source=Diplomeo&utm_medium=Partner&utm_campaign=Page_campus?utm_source=diplomeos,,
KEDGE Business School Paris,Paris,astrid.lerat@kedgebs.coms,33187899450,https://kedge.edu/?utm_source=Diplomeo&utm_medium=Partner&utm_campaign=Page_campus?utm_source=diplomeos,,
ASCENCIA Saint Quentin en Yvelines,Montigny-le-Bretonneux,contact@ascencia-bs.coms,33184870730,Non trouvé,,
ASCENCIA - Évry,Évry-Courcouronnes,contact@ascencia-bs.coms,33160795555,https://info.ascencia-business-school.com/evry-1782-diplomeo-site/?utm_source=diplomeos,,
ASCENCIA - Marne-la-Vallée,Lognes,contact@ascencia-bs.coms,33164114800,https://info.ascencia-business-school.com/marne-la-vallee-1782-diplomeo-site/?utm_source=diplomeos,,
ASCENCIA - Paris La Défense,Puteaux,contact@ascencia-bs.coms,33155230808,https://info.ascencia-business-school.com/paris-la-defense-1782-diplomeo-site/?utm_source=diplomeos,,
Ecole de Management de Normandie - Le Havre,Le Havre,admissions@em-normandie.frs,33232925999,https://www.em-normandie.com/?utm_source=site_referencement&utm_medium=site_lien&utm_campaign=diplomeo?utm_source=diplomeos,,
TALIS Périgueux,Périgueux,developpement.pgx@talis-bs.coms,33553051561,Non trouvé,,
AMOS - Ecole du Commerce du Sport - Paris,Paris,info@amos-paris.frs,0144648383,https://www.amos-business-school.eu/fr/campus/paris/?utm_source=diplomeos,,
Euridis Business School - Campus de Lyon - Quai Perrache,Lyon,admission-lyon@euridis-ecole.eus,330481916111,https://www.euridis-ecole.com/campus/campus-de-lyon/?utm_source=diplomeo&utm_medium=fiche-ecole&utm_campaign=2022?utm_source=diplomeos,,
Euridis Business School - Campus de Toulouse,Toulouse,admission-toulouse@euridis-ecole.eus,33532000025,https://www.euridis-ecole.com/campus/campus-de-toulouse/?utm_source=diplomeo&utm_medium=fiche-ecole&utm_campaign=2022?utm_source=diplomeos,,
Ipac Bachelor Factory Laval,Changé,laval@ipacfactory.coms,33243597014,https://www.ipacbachelorfactory.com/ecole-commerce-laval?utm_source=diplomeos,,
MBway - Bordeaux,Bordeaux,bordeaux@mbway.coms,33556333536,https://www.mbway.com/?utm_source=diplomeos,,
MBway - Paris Ouest,Levallois-Perret,serviceadmissionslet@eduservices.orgs,33155070757,https://www.mbway.com/?utm_source=diplomeos,,
MBway - Strasbourg,Strasbourg,strasbourg@mbway.coms,3388375917,https://www.mbway.com/?utm_source=diplomeos,,
Mbway - Toulouse,Labège,toulouse@mbway.coms,33532110037,https://www.mbway.com/?utm_source=diplomeos,,
ESI Business School - Paris,Paris,admission-esi@groupe-gema.coms,33139711212,https://www.esi-business-school.com?utm_source=diplomeos,,
IFTE - IDF,Créteil,candidature@ifte-idf.coms,33143777745,https://ifte-idf.com?utm_source=diplomeos,,
Institut F2I,Vincennes,contact@ief2i.frs,33149575959,https://www.institut-f2i.fr/?utm_source=diplomeos,,
Ecole supérieure européenne de management en alternance - Saint Étienne,Saint-Étienne,saintetienne@ecema.frs,33477902755,https://info.ecema.fr/rentree-saint-etienne-diplomeo-site/?utm_source=diplomeos,,
Altéa Business & Digital School,Bordeaux,s.heng@altea-bds.coms,33557577171,https://www.altea-formation.com/?utm_source=diplomeos,,
ISME La Rochelle,Périgny,communication-lr@isme.frs,0546446935,https://www.isme.fr?utm_source=diplomeos,,
ESCIN BUSINESS SCHOOL,Strasbourg,contact@escin.frs,33972559516,Non trouvé,,
TALIS Poitiers,Poitiers,recrutement-afc@talis-bs.coms,33549380838,https://www.talis.community/?utm_source=diplomeos,,
Win Sport School - Angers,Angers,angers@winsportschool.coms,33252210037,https://www.win-sport-school.com/demande-de-documentation?utm_source=Hellowork&utm_medium=fiche-ecole&utm_campaign=2022&utm_content=referencement?utm_source=diplomeos,,
Win Sport School - Lille,Lille,lille@winsportschool.coms,0366060697,https://www.win-sport-school.com/demande-de-documentation?utm_source=Hellowork&utm_medium=fiche-ecole&utm_campaign=2022&utm_content=referencement?utm_source=diplomeos,,
Win Sport School - Nancy,Nancy,nancy@winsportschool.coms,33383358575,https://www.win-sport-school.com/demande-de-documentation?utm_source=Hellowork&utm_medium=fiche-ecole&utm_campaign=2022&utm_content=referencement?utm_source=diplomeos,,
Win Sport School - Nice,Nice,nice@winsportschool.coms,33422170224,https://www.win-sport-school.com/ecole-sport-nice?utm_source=diplomeos,,
Win Sport School - Paris Levallois,Levallois-Perret,paris-levallois@winsportschool.coms,0179364449,https://www.win-sport-school.com/demande-de-documentation?utm_source=Hellowork&utm_medium=fiche-ecole&utm_campaign=2022&utm_content=referencement?utm_source=diplomeos,,
Win Sport School - Saint-Quentin-en-Yvelines,Versailles,stquentin@winsportschool.coms,0134527073,https://www.win-sport-school.com/demande-de-documentation?utm_source=Hellowork&utm_medium=fiche-ecole&utm_campaign=2022&utm_content=referencement?utm_source=diplomeos,,
Win Sport School - Strasbourg,Strasbourg,strasbourg@winsportschool.coms,33388375570,https://www.win-sport-school.com/demande-de-documentation?utm_source=Hellowork&utm_medium=fiche-ecole&utm_campaign=2022&utm_content=referencement?utm_source=diplomeos,,
LՎcole internationale du management responsable - 3A - Campus Lyon,Lyon,contact.lyon@ecole3a.edus,0472857373,https://www.ecole3a.edu/campus/lyon?utm_source=Diplomeo&utm_medium=annuaire&utm_id=Diplomeo&utm_content=ANNUAIRE_Diplomeo?utm_source=diplomeos,,
LՎcole internationale du management responsable - 3A - Campus Paris,Puteaux,contact.paris@ecole3a.edus,0185083660,https://www.ecole3a.edu/campus/paris?utm_source=Diplomeo&utm_medium=annuaire&utm_id=Diplomeo&utm_content=ANNUAIRE_Diplomeo?utm_source=diplomeos,,
ESCM - Strasbourg,Strasbourg,ecole@escm.eus,0388324903,https://escm-ecole.fr/?utm_source=diplomeos,,
Euridis Business School - Campus de Lille,Lille,admission-lille@euridis-ecole.eus,33372270350,https://www.euridis-ecole.com/campus/campus-de-lille/?utm_source=diplomeo&utm_medium=fiche-ecole&utm_campaign=2022?utm_source=diplomeos,,
Euridis Business School - Campus de Nantes,Nantes,admission-nantes@euridis-ecole.eus,33664700029,https://www.euridis-ecole.com/campus/campus-de-nantes/?utm_source=diplomeo&utm_medium=fiche-ecole&utm_campaign=2022?utm_source=diplomeos,,
Euridis Business School - Campus d'Aix-en-Provence,Vitrolles,admission-aix@euridis-ecole.eus,33484880186,https://www.euridis-ecole.com/campus/campus-aix-en-provence/?utm_source=diplomeo&utm_medium=fiche-ecole&utm_campaign=2022?utm_source=diplomeos,,
EXCHANGE COLLEGE- Paris,Nanterre,contact@exchange-college.coms,33155230828,https://info.exchange-college.com/rentree-exchange-college-x-diplomeo-site/?utm_source=diplomeos,,
Eucléa Business School - Strasbourg,Schiltigheim,contact@euclea-bs.coms,33388981681,https://info.euclea-business-school.com/rentree-strasbourg-1782/?utm_source=diplomeos,,
PPA BUSINESS SCHOOL - AIX-EN-PROVENCE,Aix-en-Provence,admissions.ppa-aix@eductive.frs,0442646200,https://www.ppa.fr/campus-aix-en-provence.html?utm_source=diplomeos,,
PPA BUSINESS SCHOOL - LILLE,Lille,admissions.ppa-euralille@eductive.frs,0320067453,https://www.ppa.fr/campus-lille.html?utm_source=diplomeos,,
PPA BUSINESS SCHOOL - GRENOBLE,Grenoble,admissions.ppa-grenoble@eductive.frs,0476469059,https://www.ppa.fr/campus-grenoble.html?utm_source=diplomeos,,
PPA BUSINESS SCHOOL - REIMS,Reims,admissions-reims@ppa.frs,0170834193,https://www.ppa.fr/campus-reims.html?utm_source=diplomeos,,
PPA BUSINESS SCHOOL - LYON,Lyon,admissions-lyon@ppa.frs,0426290106,https://www.ppa.fr/campus-lyon.html?utm_source=diplomeos,,
EFFICOM BUSINESS SCHOOL - LILLE,Lille,lille@efficom.frs,33320060289,https://www.efficom.fr/efficom-lille/?utm_source=diplomeos,,
EFFICOM BUSINESS SCHOOL - PARIS,Paris,paris@efficom.frs,33141171212,https://www.efficom.fr/efficom-paris/?utm_source=diplomeos,,
EDBS - LILLE,Lille,lille@eductive.frs,0320151677,https://www.edbs-france.fr?utm_source=diplomeos,,
EDBS - PARIS,Paris,admissions@eductive-group.coms,33186220895,https://www.edbs-france.fr/?utm_source=letudiant&utm_medium=diplom%C3%A9o&utm_campaign=annuaire_052024&utm_content=home-diplom%C3%A9o?utm_source=diplomeos,,
EIML - ECOLE INTERNATIONALE DE MARKETING DU LUXE - LYON,Lyon,c.rebatet@sciences-u.frs,33627768415,https://www.eiml-paris.fr/campus-lyon.html?utm_source=diplomeos,,
ENGDE - ECOLE SUPERIEURE DE GESTION & D'EXPERTISE COMPTABLE - LYON,Lyon,info@engde.frs,33627768415,https://www.engde.fr/campus-lyon.html?utm_source=diplomeos,,
EDBS - LYON,Lyon,lyon@eductive.frs,33426290132,https://www.bachelors-eductive.com/nos-campus/lyon/?utm_source=diplomeos,,
ENGDE - ECOLE SUPERIEURE DE GESTION & D'EXPERTISE COMPTABLE - LILLE,Lille,admissions-lille@engde.frs,33320060289,https://www.engde.fr/campus-lille.html?utm_source=diplomeos,,
LՎcole internationale du management responsable - 3A- Campus Toulouse,Balma,contact.toulouse@ecole3a.edus,0582952297,https://www.ecole3a.edu/campus/toulouse?utm_source=diplomeos,,
IFCV,Levallois-Perret,contact@ifcv.frs,33184782205,https://www.ifcv.fr/?utm_source=diplomeos,,
PPA SPORT - PARIS,Paris 14e,admissions@ppa.frs,33140799390,https://www.ppa-sport.fr/?utm_source=diplomeos,,
Euridis Business School - Campus de Bordeaux,Bordeaux,admission-bordeaux@euridis-ecole.eus,33532000082,https://www.euridis-ecole.com/campus/campus-de-bordeaux/?utm_source=diplomeo&utm_medium=fiche-ecole&utm_campaign=2022?utm_source=diplomeos,,
ESI Business School - Lyon,Lyon,admission-esi@groupe-gema.coms,33139711212,https://www.esi-business-school.com?utm_source=diplomeos,,
ESDM - École Nantaise du Développement Durable & de Management,Nantes,contact@esdm-formation.frs,0272256980,https://www.esdm-formation.fr/?utm_source=diplomeos,,
PPA BUSINESS SCHOOL - NANTES,Nantes,Non trouvé,0613964995,https://www.ppa.fr/ecole-commerce-alternance.html?utm_source=diplomeos,,
PPA BUSINESS SCHOOL - TOULOUSE,Toulouse,admission@eductive.frs,33532660036,https://www.ppa.fr/ecole-commerce-alternance.html?utm_source=diplomeos,,
PPA SPORT - REIMS,Reims,campus-reims@eductive.frs,33326866464,https://www.ppa-sport.fr/?utm_source=diplomeos,,
PPA SPORT - GRENOBLE,Grenoble,admission-grenoble@eductive.frs,0476469059,https://www.ppa-sport.fr/?utm_source=diplomeos,,
PPA SPORT - AIX,Aix-en-Provence,aix@eductive.frs,33442646200,https://www.ppa-sport.fr/?utm_source=diplomeos,,
PPA SPORT - LILLE,Lille,admissions.euralille@eductive.frs,33320060289,https://www.ppa-sport.fr/?utm_source=diplomeos,,
PPA SPORT - LYON,Lyon,j.ventosa@sciences-u.frs,33426290112,https://www.ppa-sport.fr/?utm_source=diplomeos,,
PPA SPORT - NANTES,Nantes,Non trouvé,0613964995,https://www.ppa-sport.fr/?utm_source=diplomeos,,
PPA SPORT - TOULOUSE,Toulouse,admission@eductive.frs,33532660036,https://www.ppa-sport.fr/?utm_source=diplomeos,,
Alterneo - Paris,Paris 20e,admission@alterneoecole.frs,33186902056,https://alterneoecole.fr/?utm_source=diplomeos,,
MBway - Paris Sud,Boulogne-Billancourt,parissud@mbway.coms,33141099924,https://www.mbway.com/?utm_source=diplomeos,,
AFOREM Le Mans,Le Mans,elodie.foucault@aforem.coms,33243882942,https://www.aforem.fr/?utm_source=Diplomeo&utm_medium=pagecampus?utm_source=diplomeos,,
IFAG - Institut de formation aux affaires et à la gestion - Montpellier,Montpellier,montpellier@ifag.coms,33411934695,Non trouvé,,
Ecole supérieure européenne de management en alternance - Clermont-Ferrand,Aubière,clermont@ecema.frs,33444053131,https://diplomeo.com/etablissement-ecole_superieure_europeenne_de_management_en_alternance_clermont_ferrand-12113?utm_source=diplomeos,,
Ecole supérieure européenne de management en alternance - Bourges,Bourges,bourges@ecema.frs,33218810178,https://info.ecema.fr/rentree-bourges-diplomeo-site/?utm_source=diplomeos,,
Eucléa Business School - Metz,Metz,metz@euclea-bs.coms,33374954680,https://info.euclea-business-school.com/rentree-metz-1782/?utm_source=diplomeos,,
IGEFI - Paris,Courbevoie,silemani.konate@igefi.frs,33626650975,https://www.igefi.net/formations/panorama-des-etudes-2-2/#utm_source=DIPLOMEO&utm_medium=Annauaire&utm_campaign=IFAG2021&utm_content=ANNUAIRE_DIPLOMEO?utm_source=diplomeos,,
IGEFI - Lyon,Lyon 9e,contact-lyon@igefi.nets,33620064817,https://www.igefi.net/formations/panorama-des-etudes-2-2/#utm_source=DIPLOMEO&utm_medium=Annauaire&utm_campaign=IFAG2021&utm_content=ANNUAIRE_DIPLOMEO?utm_source=diplomeos,,
IGEFI - Bordeaux,Bordeaux,canelle.tape@igefi.frs,33677135489,https://www.igefi.net/formations/panorama-des-etudes-2-2/#utm_source=DIPLOMEO&utm_medium=Annauaire&utm_campaign=IFAG2021&utm_content=ANNUAIRE_DIPLOMEO?utm_source=diplomeos,,
ICL - L'école des Business Developers - Campus de Nantes,Nantes,info@icl.frs,33788292826,Non trouvé,,
ESI Business School - Bordeaux,Bordeaux,admission-esi@groupe-gema.coms,33139711212,https://www.esi-business-school.com?utm_source=diplomeos,,
Alternis Business School,Bordeaux,quentin.guiette@alternis-bs.coms,33783534899,https://alternis-bs.com/?utm_source=diplomeos,,
ESG Act,Paris 11e,admissions-paris@esg-act.orgs,33140090603,https://www.esg-act.org/?utm_source=diplomeos,,
Ecole Pigier - Reims,Reims,reims@pigier.coms,0353630063,https://www.pigier.com/ecole-commerce-reims?utm_source=diplomeos,,
Studency,Paris 15e,studency@ikigai-education.coms,0185000177,https://studency.io/?utm_source=diplomeos,,
ESI Business School - Aix,Aix-en-Provence,admission-esi@groupe-gema.coms,33139711212,https://www.esi-business-school.com?utm_source=diplomeos,,
ESI Business School - Lille,Lille,admission-esi@groupe-gema.coms,33139711212,https://www.esi-business-school.com?utm_source=diplomeos,,
ESI Business School - Nantes,Nantes,admission-esi@groupe-gema.coms,33139711212,https://www.esi-business-school.com?utm_source=diplomeos,,
Euridis Business School - Campus de Lyon - Confluence,Lyon 2e,admission@euridis-ecole.eus,33484880193,https://www.euridis-ecole.com/?utm_source=diplomeo&utm_medium=fiche-ecole&utm_campaign=20&utm_term=lyon?utm_source=diplomeos,,
Euridis Business School - Campus de Paris - Canal Saint Martin,Paris,admission@euridis-ecole.eus,33183710351,https://www.euridis-ecole.com/?utm_source=diplomeo&utm_medium=fiche-ecole&utm_campaign=20&utm_term=paris?utm_source=diplomeos,,
PPA BUSINESS SCHOOL - Toulon,Toulon,toulon@eductive.frs,33494923284,https://www.ppa.fr?utm_source=diplomeos,,
Rocket School - Paris,Paris 12e,contact@rocket-school.coms,0176420645,https://rocket-school.com/?utm_source=diplomeos,,
Eucléa Business School - Mulhouse,Mulhouse,mulhouse@euclea-bs.coms,33389562128,https://info.euclea-business-school.com/rentree-mulhouse-1782/?utm_source=diplomeos,,
Eucléa Business School - Reims,Reims,reims@euclea-bs.coms,33353480606,https://info.euclea-business-school.com/rentree-reims-1782/?utm_source=diplomeos,,
IGEFI - Nantes,Nantes,contact-nantes@igefi.nets,33285526441,https://www.igefi.net/formations/panorama-des-etudes-2-2/#utm_source=DIPLOMEO&utm_medium=Annauaire&utm_campaign=IFAG2021&utm_content=ANNUAIRE_DIPLOMEO?utm_source=diplomeos,,
PEM Éducation,Puteaux,contact@paris-em.frs,33184784982,Non trouvé,,
Klima School,Puteaux,admissions@klimaschool.coms,0665741186,https://www.klimaschool.com/?utm_source=diplomeos,,
IFAG - Institut de formation aux affaires et à la gestion - Le Mans,Le Mans,contact.lemans@ifag.frs,33611785907,https://www.ifag.com/campus/le-mans?utm_source=diplomeos,,
ISME Vannes,Vannes,contact-vannes@isme.frs,33252565656,https://www.isme.fr/?utm_source=diplomeos,,
EDBS - Nantes,Nantes,Non trouvé,Non trouvé,https://nantes.eductive.fr/?utm_source=diplomeos,,
EDBS - Toulouse,Toulouse,admission@eductive.frs,33532660036,https://www.eductive-dbs.fr/?utm_source=diplomeos,,
ESI Business School - Montpellier,Montpellier,admission-esi@groupe-gema.coms,33139711212,https://www.esi-business-school.com?utm_source=diplomeos,,
ESI Business School - Toulouse,Toulouse,admission-esi@groupe-gema.coms,33139711212,https://www.esi-business-school.com?utm_source=diplomeos,,
ESCM - Colmar,Colmar,renseignement@escm-ecole.frs,33389712936,https://escm-ecole.fr/?utm_source=diplomeos,,
IGEFI - Lille,Lille,theo.rousselle@igefi.frs,33643801987,https://www.igefi.net/formations/panorama-des-etudes-2-2/#utm_source=DIPLOMEO&utm_medium=Annauaire&utm_campaign=IFAG2021&utm_content=ANNUAIRE_DIPLOMEO?utm_source=diplomeos,,
PPA BUSINESS SCHOOL - RENNES,Rennes,rennes@eductive.frs,33219139001,https://www.ppa.fr/campus-rennes.html?utm_source=diplomeos,,
ESA La Roche sur Yon,La Roche-sur-Yon,larochesuryon@esa-campus.frs,0251622209,https://ecolesuperieurealternance.fr/?utm_source=diplomeos,,
ASCENCIA Business School - Saint-Denis - Aubervilliers,Aubervilliers,contact@ascencia-bs.coms,33184870730,https://info.ascencia-business-school.com/saint-denis-aubervilliers-1782-diplomeo-site/?utm_source=diplomeos,,
EXCHANGE COLLEGE- Lille,Villeneuve-d'Ascq,contact@exchange-college.coms,33374285012,https://info.exchange-college.com/rentree-exchange-college-x-diplomeo-site/?utm_source=diplomeos,,
CFA Cogefi Formation,Champs-sur-Marne,contact@cogefi.coms,0164687764,https://cogefi.com/?utm_source=diplomeos,,
ISMAC (Institut supérieur de management et de la communication),Paris,contact@ismac.frs,0981959372,https://www.ismac.fr/?utm_source=diplomeos,,
Pigier Lille,Lille,lille@pigier.coms,33366060506,https://www.pigier.com/ecole-commerce-lille?utm_source=diplomeos,,
Euridis Business School - Campus de Montpellier,Montpellier,admission-montpellier@euridis-ecole.eus,33661136748,https://www.euridis-ecole.com/campus/ecole-de-commerce-a-montpellier/?utm_source=diplomeos,,
LՎcole internationale du management responsable - 3A- Campus Bordeaux,Bordeaux,contact.bordeaux@ecole3a.edus,0582952297,https://www.ecole3a.edu/campus/paris?utm_source=Diplomeo&utm_medium=annuaire&utm_id=Diplomeo&utm_content=ANNUAIRE_Diplomeo?utm_source=diplomeos,,
IFAG - Institut de formation aux affaires et à la gestion - Arras,Arras,nicolas.delobel@ifag.frs,33623068870,Non trouvé,,
IHECF Lyon,Lyon 9e,lyon@ihecf.frs,33428270808,https://ihecf.fr/?utm_source=diplomeos,,
Ipac Bachelor Factory Bordeaux,Bordeaux,bordeaux@ipacfactory.coms,33556333537,https://www.ipacbachelorfactory.com/ecole-commerce-bordeaux?utm_source=diplomeos,,
ESA Cholet,Cholet,cholet@esa-campus.frs,33259101283,https://ecolesuperieurealternance.fr/?utm_source=diplomeos,,
ISME Poitiers,Chasseneuil-du-Poitou,s.perrichon@isme.frs,33533069631,https://www.isme.fr?utm_source=diplomeos,,
Groupe ICS (Saint-Maur-des-Fossés),Saint-Maur-des-Fossés,info@groupe-ics.frs,33139501420,https://www.groupe-ics.fr/?utm_source=diplomeos,,
Ecole supérieure européenne de management en alternance - Grenoble,Grenoble,grenoble@ecema.frs,33487000702,https://info.ecema.fr/rentree-grenoble-diplomeo-site/?utm_source=diplomeos,,
Ecole supérieure européenne de management en alternance - Limoges,Limoges,limoge@ecema.frs,33518061801,https://info.ecema.fr/rentree-limoges-diplomeo-site/?utm_source=diplomeos,,
IFA Business School - Metz,Metz,agencemetz@ifa-formation.frs,33387740075,https://www.ifa-formation.fr/campus-metz?utm_source=diplomeos,,
IFA Business School - Nancy,Nancy,nancy@ifa-formation.frs,33367700321,https://www.ifa-formation.fr/campus-nancy?utm_source=diplomeos,,
Euridis Business School - Campus de Strasbourg,Strasbourg,admission-strasbourg@euridis-ecole.eus,0664391338,https://www.euridis-ecole.com/campus/campus-de-strasbourg/?utm_source=diplomeos,,
GMS - Green Management School - Nice,Nice,info@green-management-school.frs,0189166601,https://green-management-school.fr/?utm_source=diplomeos,,
ETS Ecole Européenne,Paris 17e,ets@ecole-europeenne.coms,0144292360,https://www.ecole-europeenne.com/?utm_source=diplomeos,,
Paris BTS,Paris 10e,campus@paris-bts.coms,33143180706,Non trouvé,,
Paris School of Luxury,Paris 8e,info@paris-school-luxury.coms,33155740384,https://paris-school-luxury.com/?utm_source=diplomeos,,
Ipac Bachelor Factory de Lyon,Lyon 7e,lyon@ipacfactory.coms,33451620727,https://www.ipacbachelorfactory.com/ecole-commerce-lyon?utm_source=diplomeos,,
IHECF Montpellier,Montpellier,montpellier@ihecf.frs,33467105857,https://www.ihecf.fr/?utm_source=diplomeos,,
"Ecole supérieure de commerce, de communication et de gestion - Nice",Nice,Non trouvé,Non trouvé,Non trouvé,,
"Ecole supérieure de commerce, de communication et de gestion - Cannes",Cannes,Non trouvé,Non trouvé,Non trouvé,,
SCBS - South Champagne Business School - Troyes,Troyes,Non trouvé,Non trouvé,Non trouvé,,
Ecole Pigier - Clermont Ferrand,Clermont-Ferrand,Non trouvé,Non trouvé,Non trouvé,,
EGE Ecole de Guerre Economique - ESLSCA Business School,Paris,Non trouvé,Non trouvé,Non trouvé,,
SCBS - South Champagne Business School - Charleville Mézières,Charleville-Mézières,Non trouvé,Non trouvé,Non trouvé,,
SCBS - South Champagne Business School - Chaumont,Chaumont,Non trouvé,Non trouvé,Non trouvé,,
ESARC Strasbourg,Strasbourg,Non trouvé,Non trouvé,Non trouvé,,
Rennes School of Business - Campus de Rennes,Rennes,Non trouvé,Non trouvé,Non trouvé,,
INTERNATIONAL SCHOOL OF BUSINESS MANAGEMENT AND TECHNOLOGY,Roubaix,Non trouvé,Non trouvé,Non trouvé,,
Rocket School - Lille,Lille,Non trouvé,Non trouvé,Non trouvé,,
Rocket School - Nantes,Nantes,Non trouvé,Non trouvé,Non trouvé,,
Rocket School - Marseille,Marseille,Non trouvé,Non trouvé,Non trouvé,,
Marseille Business School,Marseille 14e,Non trouvé,Non trouvé,Non trouvé,,
GMS - Green Management School - Montpellier,Montpellier,Non trouvé,Non trouvé,Non trouvé,,
GMS - Green Management School - Marseille,Marseille,Non trouvé,Non trouvé,Non trouvé,,
GMS - Green Management School - Angoulême,Angoulême,Non trouvé,Non trouvé,Non trouvé,,
Athena BS - Perpignan,Cabestany,Non trouvé,Non trouvé,Non trouvé,,
ENGDE - ECOLE SUPERIEURE DE GESTION & D'EXPERTISE COMPTABLE - Aix-en-Provence,Aix-en-Provence,Non trouvé,Non trouvé,Non trouvé,,
SMBS - L'école de commerce de la santé - Lyon,Lyon 3e,Non trouvé,Non trouvé,Non trouvé,,
"Ecole supérieure de commerce, de communication et de gestion - Borgo",Borgo,Non trouvé,Non trouvé,Non trouvé,,
Eucléa Business School - Thionville,Valmestroff,Non trouvé,Non trouvé,Non trouvé,,
ICL - L'école des Business Developers - Campus de Grenoble,Grenoble,Non trouvé,Non trouvé,Non trouvé,,
EMLV - Ecole de Management Léonard de Vinci,Paris,Non trouvé,Non trouvé,Non trouvé,,
"Ecole de management de Strasbourg, Université de Strasbourg",Strasbourg,Non trouvé,Non trouvé,Non trouvé,,
Ecole des praticiens du commerce international (Groupe ESSEC),Cergy,Non trouvé,Non trouvé,Non trouvé,,
ESDES - Lyon Business School,Lyon,Non trouvé,Non trouvé,Non trouvé,,
Ecole de management commercial du Jura,Lons-le-Saunier,Non trouvé,Non trouvé,Non trouvé,,
Ecole de management commercial du Jura - antenne de Dole,Dole,Non trouvé,Non trouvé,Non trouvé,,
EGC - Ecole de gestion et de commerce de Midi-Pyrénées - campus de Tarbes,Tarbes,Non trouvé,Non trouvé,Non trouvé,,
EGC - Ecole de gestion et de commerce - Sud Management,Agen,Non trouvé,Non trouvé,Non trouvé,,
EGC - Ecole de gestion et de commerce Nord-Isère,Villefontaine,Non trouvé,Non trouvé,Non trouvé,,
Ecole de Gestion et de Commerce Méditerranée - Campus de Marseille,Marseille,Non trouvé,Non trouvé,Non trouvé,,
EGC - Ecole de gestion et de commerce Drôme-Ardèche,Valence,Non trouvé,Non trouvé,Non trouvé,,
EGC - Ecole de gestion et de commerce de Lille,Lille,Non trouvé,Non trouvé,Non trouvé,,
EGC - Ecole de gestion et de commerce du Maine,Le Mans,Non trouvé,Non trouvé,Non trouvé,,
EGC - Ecole de gestion et de commerce de Vendée,La Roche-sur-Yon,Non trouvé,Non trouvé,Non trouvé,,
EGC - Ecole de Gestion et de Commerce de Rodez,Rodez,Non trouvé,Non trouvé,Non trouvé,,
EGC - Ecole de gestion et de commerce de Midi-Pyrénées - campus de Montauban,Montauban,Non trouvé,Non trouvé,Non trouvé,,
Ecole de Gestion et de Commerce de Savoie,Chambéry,Non trouvé,Non trouvé,Non trouvé,,
Ecole de Gestion et de Commerce de Méditerranée - Campus de Bastia,Borgo,Non trouvé,Non trouvé,Non trouvé,,
Ecole de Gestion et de Commerce de l'Ain,Bourg-en-Bresse,Non trouvé,Non trouvé,Non trouvé,,
Ecole de gestion et de commerce - Montbéliard,Besançon,Non trouvé,Non trouvé,Non trouvé,,
EGC - Ecole de gestion et de commerce de Brive,Brive-la-Gaillarde,Non trouvé,Non trouvé,Non trouvé,,
EGC - Ecole de gestion et de commerce de Bourgogne - Campus de Nevers,Nevers,Non trouvé,Non trouvé,Non trouvé,,
EGC - Ecole de gestion et de commerce de Charleville-Mézières,Charleville-Mézières,Non trouvé,Non trouvé,Non trouvé,,
EGC Vesoul - IMEA campus de Vesoul,Vesoul,Non trouvé,Non trouvé,Non trouvé,,
EGC ANGOULEME - Ecole de gestion et de commerce du Poitou-Charentes - Campus CIFOP,L'Isle-d'Espagnac,Non trouvé,Non trouvé,Non trouvé,,
EGC - Ecole de gestion et de commerce de Bourgogne - Campus de Sens,Sens,Non trouvé,Non trouvé,Non trouvé,,
EGC - École de gestion et de commerce de Bourgogne - campus de Chalon-sur-Saône,Chalon-sur-Saône,Non trouvé,Non trouvé,Non trouvé,,
KEDGE BUSINESS SCHOOL - CAMPUS ASSOCIE DE BAYONNE,Pau,Non trouvé,Non trouvé,Non trouvé,,
EGC - Ecole de gestion et de commerce de Basse-Normandie,Saint-Lô,Non trouvé,Non trouvé,Non trouvé,,
ECSVL - Ecole de commerce et services du Val de Loire,Orléans,Non trouvé,Non trouvé,Non trouvé,,
ECG - Ecole de commerce et de gestion - Groupe CESE,Metz,Non trouvé,Non trouvé,Non trouvé,,
ECE École de Commerce Européenne - Lyon,Lyon,Non trouvé,Non trouvé,Non trouvé,,
ESID - Ecole Supérieure Internationale Declic,Toulon,Non trouvé,Non trouvé,Non trouvé,,
CRESPA - Groupe Sciences U,Lyon,Non trouvé,Non trouvé,Non trouvé,,
ECE École de Commerce Européenne - Bordeaux,Bordeaux,Non trouvé,Non trouvé,Non trouvé,,
ESCEM Ecole de Management - Orléans,Orléans,Non trouvé,Non trouvé,Non trouvé,,
ESVA - Ecole Supérieure de la Vente et des Achats - Groupe CEPRECO,Roubaix,Non trouvé,Non trouvé,Non trouvé,,
Sup de Vente - CCI Paris Ile-de-France,Saint-Germain-en-Laye,Non trouvé,Non trouvé,Non trouvé,,
Institut supérieur du commerce automobile du Mans,Le Mans,Non trouvé,Non trouvé,Non trouvé,,
Institut Européen de Management International,Paris,Non trouvé,Non trouvé,Non trouvé,,
ISCG - Institut des sciences du commerce et de la gestion,Forbach,Non trouvé,Non trouvé,Non trouvé,,
INSEEC Business School - Bordeaux,Bordeaux,Non trouvé,Non trouvé,Non trouvé,,
INSEEC Business School - Paris,Paris,Non trouvé,Non trouvé,Non trouvé,,
IDRAC Business School - Campus de Lyon,Lyon 9e,Non trouvé,Non trouvé,Non trouvé,,
IDRAC Business School - Campus de Toulouse,Toulouse,Non trouvé,Non trouvé,Non trouvé,,
IDRAC Business School - Campus de Grenoble,Grenoble,Non trouvé,Non trouvé,Non trouvé,,
IDRAC Business School - Campus de Montpellier,Montpellier,Non trouvé,Non trouvé,Non trouvé,,
IDRAC Business School - Campus de Nice,Nice,Non trouvé,Non trouvé,Non trouvé,,
IDRAC Business School - Campus de Nantes,Nantes,Non trouvé,Non trouvé,Non trouvé,,
IDRAC Business School - Campus de Paris,Paris,Non trouvé,Non trouvé,Non trouvé,,
"IAE Annecy - Institut d'administration des entreprises Savoie Mont-blanc (Annecy), Université Savoie Mont Blanc",Annecy,Non trouvé,Non trouvé,Non trouvé,,
IMEA - Institut de management européen des affaires,Besançon,Non trouvé,Non trouvé,Non trouvé,,
IMIS - Institut de management des industries de la santé Lyon,Lyon,Non trouvé,Non trouvé,Non trouvé,,
IGEFI - Ecole des métiers de la finance d'entreprise et de l'expertise comptable,Courbevoie,Non trouvé,Non trouvé,Non trouvé,,
IGS - Institut de gestion sociale,Toulouse,Non trouvé,Non trouvé,Non trouvé,,
IGS - Institut de gestion sociale Paris,Paris,Non trouvé,Non trouvé,Non trouvé,,
"IGR IAE - Ecole universitaire de management de Rennes, Université Rennes 1",Rennes,Non trouvé,Non trouvé,Non trouvé,,
NOSCHOOL,Bordeaux,Non trouvé,Non trouvé,Non trouvé,,
ESAM Lyon - Ecole de Management et Finance,Lyon,Non trouvé,Non trouvé,Non trouvé,,
ESAM Paris - Management Finance Droit,Paris,Non trouvé,Non trouvé,Non trouvé,,
EBS Paris - European Business School,Paris,Non trouvé,Non trouvé,Non trouvé,,
ESM-A - Ecole Supérieure de Management en Alternance,Créteil,Non trouvé,Non trouvé,Non trouvé,,
ESIEE Management,Bobigny,Non trouvé,Non trouvé,Non trouvé,,
PSB School of Business Paris,Paris,Non trouvé,Non trouvé,Non trouvé,,
ESCIP - ESCIP School of International Business - Ecole supérieure de commerce internationale,Arras,Non trouvé,Non trouvé,Non trouvé,,
Bachelor BIM - ESC Saint-Etienne programme Bachelor in International Management,Saint-Étienne,Non trouvé,Non trouvé,Non trouvé,,
"ESG - Ecole Supérieure de Gestion, commerce et finance - Aix",Aix-en-Provence,Non trouvé,Non trouvé,Non trouvé,,
ESCEM Ecole de management,,Non trouvé,Non trouvé,Non trouvé,,
ESARC Bordeaux,Bordeaux,Non trouvé,Non trouvé,Non trouvé,,
ESARC Aix,Aix-en-Provence,Non trouvé,Non trouvé,Non trouvé,,
ESCP Business School,Paris,Non trouvé,Non trouvé,Non trouvé,,
ESARC Montpellier,Mauguio,Non trouvé,Non trouvé,Non trouvé,,
Rennes School of Business,Rennes,Non trouvé,Non trouvé,Non trouvé,,
BBS -  Brest Business School,Brest,Non trouvé,Non trouvé,Non trouvé,,
EMD Business School,Marseille,Non trouvé,Non trouvé,Non trouvé,,
EDHEC Business School - Nice,Nice,Non trouvé,Non trouvé,Non trouvé,,
EDHEC Business School - Lille,Lille,Non trouvé,Non trouvé,Non trouvé,,
Ecole Pigier Performance - Annecy,Annecy,Non trouvé,Non trouvé,Non trouvé,,
Ecole Pigier - Toulouse,Toulouse,Non trouvé,Non trouvé,Non trouvé,,
ECORIS - Annemasse,Annecy,Non trouvé,Non trouvé,Non trouvé,,
ECORIS -  Chambéry,Chambéry,Non trouvé,Non trouvé,Non trouvé,,
Ecole Pigier - Quimper,Quimper,Non trouvé,Non trouvé,Non trouvé,,
Institut de Gestion et de Commerce de Rennes,Rennes,Non trouvé,Non trouvé,Non trouvé,,
ECORIS - Annecy,Annecy-le-Vieux,Non trouvé,Non trouvé,Non trouvé,,
ESIAME - Ecole supérieure pour l'innovation et l'action vers les métiers de l'entreprise,Angers,Non trouvé,Non trouvé,Non trouvé,,
Ecole Pigier - Grenoble,Grenoble,Non trouvé,Non trouvé,Non trouvé,,
AFTEC - Vannes,Plescop,Non trouvé,Non trouvé,Non trouvé,,
DBS - Ecole supérieure de vente industrielle internationale,Lille,Non trouvé,Non trouvé,Non trouvé,,
ESTA - Ecole supérieure des technologies et des affaires,Belfort,Non trouvé,Non trouvé,Non trouvé,,
E2SE Management,Caen,Non trouvé,Non trouvé,Non trouvé,,
ESSCA  School of Management - Campus Angers,Angers,Non trouvé,Non trouvé,Non trouvé,,
ESMAE - Ecole supérieure des métiers des agences d'emploi,Lyon,Non trouvé,Non trouvé,Non trouvé,,
ESSCA School of Management  - Campus Boulogne,Nanterre,Non trouvé,Non trouvé,Non trouvé,,
ESSEC - Ecole supérieure des sciences économiques et commerciales,Cergy,Non trouvé,Non trouvé,Non trouvé,,
Ecole supérieure de management et de gestion - Strasbourg,Strasbourg,Non trouvé,Non trouvé,Non trouvé,,
ESPEME - Ecole supérieure de management de l'entreprise Campus de Nice,Nice,Non trouvé,Non trouvé,Non trouvé,,
ESPEME - Ecole supérieure de management de l'entreprise Campus de Lille,Lille,Non trouvé,Non trouvé,Non trouvé,,
"ESG - Ecole supérieure de gestion, commerce et finance - Toulouse",Toulouse,Non trouvé,Non trouvé,Non trouvé,,
Groupe ESCE - Ecole supérieure de commerce extérieur,Paris,Non trouvé,Non trouvé,Non trouvé,,
ESC ST-ETIENNE - Ecole supérieure de commerce de Saint-Etienne programme ESC,Saint-Étienne,Non trouvé,Non trouvé,Non trouvé,,
Ecole supérieure de commerce et de gestion,Paris,Non trouvé,Non trouvé,Non trouvé,,
ESC Compiègne - Ecole supérieure de commerce de Compiègne,Compiègne,Non trouvé,Non trouvé,Non trouvé,,
Istec Business School Paris,Paris,Non trouvé,Non trouvé,Non trouvé,,
L’école internationale du management responsable,,Non trouvé,Non trouvé,Non trouvé,,
ESCT - Ecole supérieure de commerce et technologie,Toulon,Non trouvé,Non trouvé,Non trouvé,,
ESCCOT Rennes,Rennes,Non trouvé,Non trouvé,Non trouvé,,
"Ecole supérieure d'achats, approvisionnements et logistique",Périgueux,Non trouvé,Non trouvé,Non trouvé,,
EPCRA - Ecole professionnelle du commerce des réseaux automobiles,Le Mans,Non trouvé,Non trouvé,Non trouvé,,
Ecole Pigier - Bourges,Bourges,Non trouvé,Non trouvé,Non trouvé,,
Ecole Pigier - Strasbourg,Strasbourg,Non trouvé,Non trouvé,Non trouvé,,
Ecole Pigier - Rouen,Rouen,Non trouvé,Non trouvé,Non trouvé,,
Ecole Pigier Performance - Dammarie,Dammarie-les-Lys,Non trouvé,Non trouvé,Non trouvé,,
Ecole Pigier Performance - Metz,Metz,Non trouvé,Non trouvé,Non trouvé,,
WES' SUP Ecole supérieure de commerce et de management - Lyon,Lyon,Non trouvé,Non trouvé,Non trouvé,,
WES' SUP Ecole supérieure de commerce et de management - Grenoble,Grenoble,Non trouvé,Non trouvé,Non trouvé,,
Weller International Business School Paris,Paris,Non trouvé,Non trouvé,Non trouvé,,
UFIP Business School,Nice,Non trouvé,Non trouvé,Non trouvé,,
"IAE Bordeaux, école universitaire de management, Université de Bordeaux",Bordeaux,Non trouvé,Non trouvé,Non trouvé,,
"UFR ESM-IAE - UFR Etudes supérieures de management - Institut d'administration des entreprises, Université de Lorraine",Metz,Non trouvé,Non trouvé,Non trouvé,,
"UFR des sciences économiques et gestion (et IAE Gustave Eiffel), Université Paris-Est Créteil Val-de-Marne",Créteil,Non trouvé,Non trouvé,Non trouvé,,
Ecole Pigier - Le Mans,Le Mans,Non trouvé,Non trouvé,Non trouvé,,
Novancia,Paris,Non trouvé,Non trouvé,Non trouvé,,
CNPC SPORT,Pau,Non trouvé,Non trouvé,Non trouvé,,
CEFAM - Centre d'études franco-américain de management,Lyon,Non trouvé,Non trouvé,Non trouvé,,
Centre de préparation aux échanges internationaux,Paris,Non trouvé,Non trouvé,Non trouvé,,
Ecole Pigier - Tours,Tours,Non trouvé,Non trouvé,Non trouvé,,
EKLYA School of Business - Campus de Lyon,Lyon,Non trouvé,Non trouvé,Non trouvé,,
CCI Formation,Angers,Non trouvé,Non trouvé,Non trouvé,,
Ecole Supérieure du Commerce et des Services de la CCI de Limoges et de la Haute-Vienne,Limoges,Non trouvé,Non trouvé,Non trouvé,,
BEM Bordeaux Management School,Bordeaux,Non trouvé,Non trouvé,Non trouvé,,
INSAM - Groupe ESLSCA,Paris,Non trouvé,Non trouvé,Non trouvé,,
AUDENCIA - Ecole de Management,Nantes,Non trouvé,Non trouvé,Non trouvé,,
AUP - American University of Paris,Paris,Non trouvé,Non trouvé,Non trouvé,,
The American Business School Paris,Paris,Non trouvé,Non trouvé,Non trouvé,,
Altern'Sup ESC Chambéry Savoie,Chambéry,Non trouvé,Non trouvé,Non trouvé,,
AFTEC - Caen,Saint-Contest,Non trouvé,Non trouvé,Non trouvé,,
Institut Pour l'Expertise Management School,Paris,Non trouvé,Non trouvé,Non trouvé,,
ISEAM - Institut Supérieur d'Etudes en Alternance du Management,Melun,Non trouvé,Non trouvé,Non trouvé,,
EFHC Ecole Supérieure de Commerce International,Paris,Non trouvé,Non trouvé,Non trouvé,,
EFHC International,Paris,Non trouvé,Non trouvé,Non trouvé,,
EBBS BUSINESS SCHOOL,Le Bouscat,Non trouvé,Non trouvé,Non trouvé,,
Groupe Medicis,Paris,Non trouvé,Non trouvé,Non trouvé,,
MBS - Médicis Business School,Paris,Non trouvé,Non trouvé,Non trouvé,,
ISEG Marketing & Communication School - Campus de Paris,Paris,Non trouvé,Non trouvé,Non trouvé,,
Bachelor Open - Paris,Paris,Non trouvé,Non trouvé,Non trouvé,,
ISEG Marketing & Communication School - Campus de Bordeaux,Bordeaux,Non trouvé,Non trouvé,Non trouvé,,
ISEG Marketing & Communication School - Campus de Nantes,Nantes,Non trouvé,Non trouvé,Non trouvé,,
ISEG Marketing & Communication School - Campus de Strasbourg,Strasbourg,Non trouvé,Non trouvé,Non trouvé,,
École supérieure de commerce et de management Wesford - Clermont Ferrand,Clermont-Ferrand,Non trouvé,Non trouvé,Non trouvé,,
ECOFAC - Le Mans,Le Mans,Non trouvé,Non trouvé,Non trouvé,,
ESARC EVOLUTION,Paris,Non trouvé,Non trouvé,Non trouvé,,
"ESG - Ecole Supérieure de Gestion, commerce et finance - Rennes",Rennes,Non trouvé,Non trouvé,Non trouvé,,
ICD International Business School - Paris,Paris,Non trouvé,Non trouvé,Non trouvé,,
ESCEM Ecole de Management - Tours,Tours,Non trouvé,Non trouvé,Non trouvé,,
Ecole Pigier Performance - Lyon,Lyon,Non trouvé,Non trouvé,Non trouvé,,
Events Management School,Paris,Non trouvé,Non trouvé,Non trouvé,,
IDELCA Business school,Montpellier,Non trouvé,Non trouvé,Non trouvé,,
WES' SUP Ecole Supérieure de Commerce et de Management,Grenoble,Non trouvé,Non trouvé,Non trouvé,,
PIGIER,,Non trouvé,Non trouvé,Non trouvé,,
Institut des Hautes Etudes Economiques et Commerciales - Business School,Paris,Non trouvé,Non trouvé,Non trouvé,,
INSEEC Business School - Lyon,Lyon,Non trouvé,Non trouvé,Non trouvé,,
IPAC Ecole de Management,Annecy,Non trouvé,Non trouvé,Non trouvé,,
CNPC SPORT,Paris,Non trouvé,Non trouvé,Non trouvé,,
EDHEC Business School,,Non trouvé,Non trouvé,Non trouvé,,
IPAG Business School,Paris,Non trouvé,Non trouvé,Non trouvé,,
AMOS - Ecole du Commerce du Sport,,Non trouvé,Non trouvé,Non trouvé,,
MBway,,Non trouvé,Non trouvé,Non trouvé,,
MBway - Annecy,Annecy,Non trouvé,Non trouvé,Non trouvé,,
MBway - Caen,Caen,Non trouvé,Non trouvé,Non trouvé,,
MBway - Rennes,Rennes,Non trouvé,Non trouvé,Non trouvé,,
EM Normandie,Le Havre,Non trouvé,Non trouvé,Non trouvé,,
ESCE - Ecole supérieure du commerce extérieur Paris,Paris,Non trouvé,Non trouvé,Non trouvé,,
ESCE - Ecole supérieure du commerce extérieur Lyon,Lyon,Non trouvé,Non trouvé,Non trouvé,,
IDRAC Business School - Campus de Bordeaux,Bordeaux,Non trouvé,Non trouvé,Non trouvé,,
TBS Education - Paris,Paris,Non trouvé,Non trouvé,Non trouvé,,
TBS Education,Toulouse,Non trouvé,Non trouvé,Non trouvé,,
IESEG School of Management,,Non trouvé,Non trouvé,Non trouvé,,
Savoie Décision - Institut Supérieur de Commerce & Gestion,Chambéry,Non trouvé,Non trouvé,Non trouvé,,
ESG Paris,Paris,Non trouvé,Non trouvé,Non trouvé,,
"ESG - Ecole supérieure de gestion, commerce et finance - Montpellier",Montpellier,Non trouvé,Non trouvé,Non trouvé,,
"ESG - Ecole Supérieure de Gestion, commerce et finance - Bordeaux",Bordeaux,Non trouvé,Non trouvé,Non trouvé,,
Progress Com,Paris 3e,Non trouvé,Non trouvé,Non trouvé,,
Ecole Sup' Paris,Paris,Non trouvé,Non trouvé,Non trouvé,,
France Business School,Tours,Non trouvé,Non trouvé,Non trouvé,,
SCBS - South Champagne Business School,Troyes,Non trouvé,Non trouvé,Non trouvé,,
Ecole supérieure de commerce et d'Economie Numérique,,Non trouvé,Non trouvé,Non trouvé,,
Bachelor Business & Management - Groupe IGS,Paris,Non trouvé,Non trouvé,Non trouvé,,
"ESPEME - Ecole supérieure de management de l'entreprise - groupe EDHEC, Université catholique de Lille",Lille,Non trouvé,Non trouvé,Non trouvé,,
Ecole de Commerce Européenne,Lyon,Non trouvé,Non trouvé,Non trouvé,,
Institut Supérieur de Commerce et de Management Sully,Marseille,Non trouvé,Non trouvé,Non trouvé,,
"ICS Bégué - L'école de l'audit, de la gestion, de la finance et de l'expertise comptable",Paris 3e,Non trouvé,Non trouvé,Non trouvé,,
EXXECC,Marseille,Non trouvé,Non trouvé,Non trouvé,,
ESAM - Management Finance Droit,,Non trouvé,Non trouvé,Non trouvé,,
ESSCA School of Management,,Non trouvé,Non trouvé,Non trouvé,,
Ecole de Gestion et de Commerce - Orléans,Orléans,Non trouvé,Non trouvé,Non trouvé,,
Ecole de gestion et de commerce de Franche-Comté,Besançon,Non trouvé,Non trouvé,Non trouvé,,
Ecole de gestion et de commerce - Besançon,Besançon,Non trouvé,Non trouvé,Non trouvé,,
IDRAC Business School - Campus de Lille,Lille,Non trouvé,Non trouvé,Non trouvé,,
Paris School of Business,Paris,Non trouvé,Non trouvé,Non trouvé,,
IFC,Marseille,Non trouvé,Non trouvé,Non trouvé,,
IFC - Cévennes,Nîmes,Non trouvé,Non trouvé,Non trouvé,,
IFC - Montpellier,Montpellier,Non trouvé,Non trouvé,Non trouvé,,
IFC Nîmes,Nîmes,Non trouvé,Non trouvé,Non trouvé,,
IFC Roussillon,Perpignan,Non trouvé,Non trouvé,Non trouvé,,
IFC - Loire,Saint-Étienne,Non trouvé,Non trouvé,Non trouvé,,
IFC - Drôme Ardèche,Valence,Non trouvé,Non trouvé,Non trouvé,,
Groupe HEMA,Créteil,Non trouvé,Non trouvé,Non trouvé,,
ISEADD - Institut Supérieur d'Etudes en Alternance du Développement Durable,Melun,Non trouvé,Non trouvé,Non trouvé,,
SKEMA Business School - Lille,Lille,Non trouvé,Non trouvé,Non trouvé,,
IPAC Ecole de Management E-Learning,Annecy,Non trouvé,Non trouvé,Non trouvé,,
France Business School - Paris,Paris,Non trouvé,Non trouvé,Non trouvé,,
Ecole des Cadres et Dirigeants pour Entreprendre,Besançon,Non trouvé,Non trouvé,Non trouvé,,
IAE Aix Graduate School of Management,Aix-en-Provence,Non trouvé,Non trouvé,Non trouvé,,
Ecole technique privée ECORIS,Grenoble,Non trouvé,Non trouvé,Non trouvé,,
Ipac Bachelor Factory,,Non trouvé,Non trouvé,Non trouvé,,
Ipac Bachelor Factory Annecy,Annecy,Non trouvé,Non trouvé,Non trouvé,,
Ipac Bachelor Factory Caen,Caen,Non trouvé,Non trouvé,Non trouvé,,
Ipac Bachelor Factory de Chambéry-Albertville,Le Bourget-du-Lac,Non trouvé,Non trouvé,Non trouvé,,
Ipac Bachelor Factory Grand-Genève,Annecy,Non trouvé,Non trouvé,Non trouvé,,
Ipac Bachelor Factory Montpellier,Montpellier,Non trouvé,Non trouvé,Non trouvé,,
IPAC Bachelor Factory Rennes,Rennes,Non trouvé,Non trouvé,Non trouvé,,
Ipac Bachelor Factory Vannes,Vannes,Non trouvé,Non trouvé,Non trouvé,,
EGC - Ecole de Gestion et de Commerce,Lille,Non trouvé,Non trouvé,Non trouvé,,
Talis Business School,Bergerac,Non trouvé,Non trouvé,Non trouvé,,
Ecole Supérieure de Commerce Appliquée aux Nouveaux Marchés,Paris,Non trouvé,Non trouvé,Non trouvé,,
Avenirsup,Lyon,Non trouvé,Non trouvé,Non trouvé,,
NEOMA Business School - Paris,Paris,Non trouvé,Non trouvé,Non trouvé,,
My Business School : My BS,Marseille,Non trouvé,Non trouvé,Non trouvé,,
My Business School - My BS- Marseille,Marseille,Non trouvé,Non trouvé,Non trouvé,,
My Business School - My BS - Aix,Aix-en-Provence,Non trouvé,Non trouvé,Non trouvé,,
My Business School - My BS -Toulon,Toulon,Non trouvé,Non trouvé,Non trouvé,,
Financia Business School - Paris,Paris,Non trouvé,Non trouvé,Non trouvé,,
ESCE Bachelor,Paris,Non trouvé,Non trouvé,Non trouvé,,
EHL – Hospitality Business School,,Non trouvé,Non trouvé,Non trouvé,,
emlyon business school- Campus Paris,Paris,Non trouvé,Non trouvé,Non trouvé,,