Nom,Ville,Email,Téléphone,Site Web,Adresse,Formations
IEFT - Institut européen de formation au tourisme - Lyon,Lyon,infolyon@ieftourisme.coms,33472851740,Non trouvé,,
Ecole Supérieure de Logistique Industrielle Redon,Redon,contact@gip-cei.coms,33299716020,https://gip-cei.com/esli-redon/?utm_source=diplomeos,,
ENGDE - ECOLE SUPERIEURE DE GESTION & D'EXPERTISE COMPTABLE -  PARIS,Paris 11e,Non trouvé,Non trouvé,Non trouvé,,
Ecole Pratique,Marseille 9e,contact@ecolepratique.coms,33491142680,https://www.ecolepratique.com/?utm_source=diplomeos,,
ISPN - Institut Supérieur Professionnel de Caen,Caen,contact@ispn.frs,33231930912,Non trouvé,,
AFTEC - Laval,Changé,laval@aftec.frs,33243597010,https://www.aftec.fr/?utm_source=diplomeos,,
Studio MERCIER,Béziers,contact@cime-art.coms,33609714403,Non trouvé,,
IA School - L'École de l'Intelligence Artificielle - Paris,Paris,https://www.intelligence-artificielle-school.com/contact/s,0139711212,https://www.intelligence-artificielle-school.com/?utm_source=diplomeos,,
MyDigitalSchool - Montpellier,Montpellier,montpellier@mydigitalschool.coms,0467105853,https://www.mydigitalschool.com/?utm_source=diplomeos,,
ESG Luxe - École de Marketing et de Management du Luxe à Paris,Paris 1er,admissions@esg-luxe.coms,0183622470,https://www.esg-luxe.com/?utm_source=diplomeos,,
IA School - L'École de l'Intelligence Artificielle - Lyon,Lyon,https://www.intelligence-artificielle-school.com/contact/s,0139711212,https://www.intelligence-artificielle-school.com?utm_source=diplomeos,,
IEFT - Institut européen de formation au tourisme - Bordeaux,Bordeaux,contact.bordeaux@ecoles-ieft.frs,33535544971,Non trouvé,,
IEFT - Institut européen de formation au tourisme - Nantes,Nantes,infonantes@ieftourisme.coms,33285523130,Non trouvé,,
Ecole Supérieure de Logistique Industrielle Paris,Cachan,contact@gip-cei.coms,33187665837,https://gip-cei.com/esli-paris/?utm_source=diplomeos,,
Ecole Supérieure des Technologies Industrielles Redon,Redon,contact@gip-cei.coms,33299716020,https://gip-cei.com/esti/?utm_source=diplomeos,,
IA School - L'École de l'Intelligence Artificielle - Lille,Lille,https://www.intelligence-artificielle-school.com/contact/s,33139711212,https://www.intelligence-artificielle-school.com?utm_source=diplomeos,,
IEFT - Institut européen de formation au tourisme - Montpellier,Montpellier,noemie.lefebvre@ecoles-ieft.frs,33611861343,Non trouvé,,
Paris School of Technology & Business,Paris 11e,paris@pstb.frs,33612841124,https://www.pstb.fr/?utm_source=diplomeos,,
Cyber Management School - Paris,Paris,admission-cyber@groupe-gema.coms,33139711212,https://www.cyber-management-school.com/?utm_source=diplomeos,,
Cyber Management School - Lyon,Lyon,admission-cyber@groupe-gema.coms,33139711212,https://www.cyber-management-school.com/?utm_source=diplomeos,,
Cyber Management School - Lille,Lille,admission-cyber@groupe-gema.coms,33139711212,https://www.cyber-management-school.com/ecole/nos-campus/lille/?utm_source=diplomeos,,
Institut De Relooking International,Paris 14e,admissions@institutderelooking.coms,0141171225,https://www.institutderelooking.com/?utm_source=diplomeo&utm_medium=fiche-ecole&utm_campaign=campagne-2023-2024-campus-paris&utm_content=texte-home?utm_source=diplomeos,,
IET - L’Institut des métiers de l’Environnement et de la Transition écologique - Auxerre,Auxerre,recrutement.es@pole-formation.nets,33631398536,https://www.iet.fr/campus/auxerre?utm_source=diplomeos,,
EFFICOM RH - Lille,Lille,admissions.euralille@eductive.frs,33320060289,https://www.efficom.fr/business_school/?utm_source=diplomeos,,
Institut IFALP,Cachan,contact@gip-cei.coms,33187665837,https://gip-cei.com/ifalp/?utm_source=diplomeos,,
Paris School of Sports,Paris 10e,info@paris-school-sports.coms,33188337351,https://mediaschool-sports.com/paris?utm_source=diplomeos,,
École Internationale Tunon - Caen,Caen,Non trouvé,Non trouvé,Non trouvé,,
Institut Rousseau,Toulouse,Non trouvé,Non trouvé,Non trouvé,,
Groupe Belmont - Avignon,Avignon,Non trouvé,Non trouvé,Non trouvé,,
FUTURAe - Paris,Paris,Non trouvé,Non trouvé,Non trouvé,,
Sup Immo - Brest,Brest,Non trouvé,Non trouvé,Non trouvé,,
ICFA - Enclos St François Beaux-Arts,Montpellier,Non trouvé,Non trouvé,Non trouvé,,
Sup Immo - Caen,Caen,Non trouvé,Non trouvé,Non trouvé,,
Institut Supérieur de l’événement,Paris,Non trouvé,Non trouvé,Non trouvé,,
Groupe Belmont - Aix-en-Provence,Aix-en-Provence,Non trouvé,Non trouvé,Non trouvé,,
Groupe Belmont - Mougins (Sophia Antipolis),Mougins,Non trouvé,Non trouvé,Non trouvé,,
Diplomance,Paris,Non trouvé,Non trouvé,Non trouvé,,
Medeo Formation,Toulouges,Non trouvé,Non trouvé,Non trouvé,,
Ecole de maîtrise du transport et de la logistique - Groupe PROMOTRANS,Montpellier,Non trouvé,Non trouvé,Non trouvé,,
CNAM Picardie - Amiens,Amiens,Non trouvé,Non trouvé,Non trouvé,,
"EJT - Ecole de journalisme de Toulouse, Institut catholique de Toulouse",Toulouse,Non trouvé,Non trouvé,Non trouvé,,
EFB - Ecole de formation professionnelle des Barreaux de la Cour d'appel de Paris,Paris,Non trouvé,Non trouvé,Non trouvé,,
"Ecole de droit, Université d'Orléans",Orléans,Non trouvé,Non trouvé,Non trouvé,,
"EBD - Ecole de bibliothécaires documentalistes, Institut catholique de Paris",Paris,Non trouvé,Non trouvé,Non trouvé,,
EAPS - Ecole d'Adaptation aux Professions du Soudage,Metz,Non trouvé,Non trouvé,Non trouvé,,
ESMDT - Domitel Ecole Sup',Cergy,Non trouvé,Non trouvé,Non trouvé,,
Campus Numérique de Nevers,Nevers,Non trouvé,Non trouvé,Non trouvé,,
CREATECH - Technopôle Diderot,Saint-Étienne,Non trouvé,Non trouvé,Non trouvé,,
Cours privé Praxis,Nice,Non trouvé,Non trouvé,Non trouvé,,
Cours Diderot - Lyon,Lyon,Non trouvé,Non trouvé,Non trouvé,,
Cours Diderot - Aix-en-Provence,Aix-en-Provence,Non trouvé,Non trouvé,Non trouvé,,
Cours Diderot - Montpellier,Montpellier,Non trouvé,Non trouvé,Non trouvé,,
CNAM Deux-Sèvres,Niort,Non trouvé,Non trouvé,Non trouvé,,
CNAM Vienne,Poitiers,Non trouvé,Non trouvé,Non trouvé,,
CNAM Charente,Angoulême,Non trouvé,Non trouvé,Non trouvé,,
CNAM - Aubenas,Privas,Non trouvé,Non trouvé,Non trouvé,,
CNAM Charente Maritime,La Rochelle,Non trouvé,Non trouvé,Non trouvé,,
EFSO - École française supérieure des opticiens,Bordeaux,Non trouvé,Non trouvé,Non trouvé,,
CNAM - Evry,Évry,Non trouvé,Non trouvé,Non trouvé,,
CNAM Versailles,Versailles,Non trouvé,Non trouvé,Non trouvé,,
CNAM Basse-Normandie - Hérouville-Saint-Clair,Hérouville-Saint-Clair,Non trouvé,Non trouvé,Non trouvé,,
CNAM Clermont-Ferrand,Clermont-Ferrand,Non trouvé,Non trouvé,Non trouvé,,
CNHJ - Chambre nationale des huissiers de justice - département formation des stagiaires,Paris,Non trouvé,Non trouvé,Non trouvé,,
CGI Formation,Colmar,Non trouvé,Non trouvé,Non trouvé,,
CGSAT,Versailles,Non trouvé,Non trouvé,Non trouvé,,
Charles Péguy Formation,Marseille,Non trouvé,Non trouvé,Non trouvé,,
Campus Centre - CCI Indre,Châteauroux,Non trouvé,Non trouvé,Non trouvé,,
CESCF-EPEC - Groupe ICOGES,Paris,Non trouvé,Non trouvé,Non trouvé,,
ECO-Conseil - Institut européen pour le conseil en environnement,Strasbourg,Non trouvé,Non trouvé,Non trouvé,,
IEHEI - Institut européen des hautes études internationales,Nice,Non trouvé,Non trouvé,Non trouvé,,
IEQT - Institut européen de la qualité totale CCI de Rodez,Rodez,Non trouvé,Non trouvé,Non trouvé,,
IEJ - Institut européen de journalisme,Nanterre,Non trouvé,Non trouvé,Non trouvé,,
IEQT - Institut européen de la qualité totale,Nancy,Non trouvé,Non trouvé,Non trouvé,,
IEQT – L’école du Management des Risques et de la Performance,Moulins,Non trouvé,Non trouvé,Non trouvé,,
IEQT - Institut européen de la qualité totale,Ajaccio,Non trouvé,Non trouvé,Non trouvé,,
IEQT - Institut européen de la qualité totale - Exceltys (CCI Côtes d'Armor),Saint-Brieuc,Non trouvé,Non trouvé,Non trouvé,,
"IEP - Institut d'études politiques (Sciences Po Toulouse), Université Toulouse I Capitole",Toulouse,Non trouvé,Non trouvé,Non trouvé,,
IETM - Institut d'études touristiques et de management,Versailles,Non trouvé,Non trouvé,Non trouvé,,
Institut du Marais Charlemagne Pollès,Paris,Non trouvé,Non trouvé,Non trouvé,,
IEP - Institut d'études politiques (Sciences Po Aix),Aix-en-Provence,Non trouvé,Non trouvé,Non trouvé,,
IEP - Institut d'études politiques (Sciences Po) - Campus de Poitiers,Poitiers,Non trouvé,Non trouvé,Non trouvé,,
"IEP - Institut d'études politiques (Sciences Po Bordeaux), Université de Bordeaux",Bordeaux,Non trouvé,Non trouvé,Non trouvé,,
"IEP - Institut d'études politiques (Sciences Po Strasbourg), Université de Strasbourg",Strasbourg,Non trouvé,Non trouvé,Non trouvé,,
IEP - Institut d'études politiques (Sciences Po) - Campus de Paris,Paris,Non trouvé,Non trouvé,Non trouvé,,
IEP Paris - Institut d'études politiques (Sciences Po) - Campus du Havre,Le Havre,Non trouvé,Non trouvé,Non trouvé,,
IEP - Sciences Po Campus de Menton,Menton,Non trouvé,Non trouvé,Non trouvé,,
"IEP - Institut d'études politiques (Sciences Po Lille), Université de Lille 2",Lille,Non trouvé,Non trouvé,Non trouvé,,
IEP - Institut d'études politiques (Sciences Po) - Campus de Reims,Reims,Non trouvé,Non trouvé,Non trouvé,,
IEP - Institut d'études politiques (Sciences Po Rennes),Rennes,Non trouvé,Non trouvé,Non trouvé,,
"IEP - Institut d'études politiques (Sciences Po Lyon), Université Lumière - Lyon 2",Lyon,Non trouvé,Non trouvé,Non trouvé,,
IEP - Institut d'études politiques (Sciences Po) - Campus de Nancy,Nancy,Non trouvé,Non trouvé,Non trouvé,,
"IEJ - Institut d'études judiciaires, Université Montpellier",Montpellier,Non trouvé,Non trouvé,Non trouvé,,
"IEJ - Institut d'études judiciaires, Université de Strasbourg",Strasbourg,Non trouvé,Non trouvé,Non trouvé,,
"Institut d'études judiciaires, Université de Perpignan Via Domitia",Perpignan,Non trouvé,Non trouvé,Non trouvé,,
"IEJ - Institut d'études judiciaires, Université de Bourgogne",Dijon,Non trouvé,Non trouvé,Non trouvé,,
"IEJ UPVD - Institut d'études judiciaires, Université de Perpignan Via Domitia",Perpignan,Non trouvé,Non trouvé,Non trouvé,,
CNAM-ICH - Paris,Paris,Non trouvé,Non trouvé,Non trouvé,,
IEC - Institut d'études commerciales et de gestion - Pau,Pau,Non trouvé,Non trouvé,Non trouvé,,
IIA - Institut d'informatique appliquée,Laval,Non trouvé,Non trouvé,Non trouvé,,
CNAM Pays de la Loire - Angers,Angers,Non trouvé,Non trouvé,Non trouvé,,
CNAM-ICH - Lyon,Lyon,Non trouvé,Non trouvé,Non trouvé,,
CNAM-IHIE - Paris,Paris,Non trouvé,Non trouvé,Non trouvé,,
Institut des Sciences de l'Environnement,Metz,Non trouvé,Non trouvé,Non trouvé,,
Groupe IMT - Institut des métiers et des technologies des produits de santé,Évry-Courcouronnes,Non trouvé,Non trouvé,Non trouvé,,
CFPNP - Centre de formation professionnelle notariale de Paris,Paris,Non trouvé,Non trouvé,Non trouvé,,
"IPAG - Institut de préparation à l'administration générale, Université de Strasbourg",Strasbourg,Non trouvé,Non trouvé,Non trouvé,,
Institut d'enseignement supérieur privé Intégrale,Paris,Non trouvé,Non trouvé,Non trouvé,,
IMC ARTEMYS,Metz,Non trouvé,Non trouvé,Non trouvé,,
IGCIT - Institut de gestion comptable et informatique du transport,Lyon,Non trouvé,Non trouvé,Non trouvé,,
IFSECC - Institut de formation supérieur des études comptables et commerciales (IFSECC),Paris,Non trouvé,Non trouvé,Non trouvé,,
"IFP - Institut de formation pédagogique - Lille, Université catholique de Lille",Lille,Non trouvé,Non trouvé,Non trouvé,,
"IFP Arras - Institut de formation pédagogique Arras, Université catholique de Lille",Arras,Non trouvé,Non trouvé,Non trouvé,,
IFAID - Institut de formation et d'appui aux initiatives de développement,Bordeaux,Non trouvé,Non trouvé,Non trouvé,,
EUREKA Formation,Nantes,Non trouvé,Non trouvé,Non trouvé,,
ETP Sup' Formations,Agen,Non trouvé,Non trouvé,Non trouvé,,
EPID'Alternance - Etablissement professionnel industriel dunkerquois,Lille,Non trouvé,Non trouvé,Non trouvé,,
ESUP - Ecole supérieure de Maisons-Lafitte,Versailles,Non trouvé,Non trouvé,Non trouvé,,
Espace Forma,Lyon,Non trouvé,Non trouvé,Non trouvé,,
Enseignement Supérieur Préventys,Carcassonne,Non trouvé,Non trouvé,Non trouvé,,
ETP - Enseignement technique privé,Nantes,Non trouvé,Non trouvé,Non trouvé,,
Groupe FIM - Campus Saint-Lô,Saint-Lô,Non trouvé,Non trouvé,Non trouvé,,
ELPAC,Limoges,Non trouvé,Non trouvé,Non trouvé,,
EFACI Ecole franco-allemande de commerce et d'industrie,Issy-les-Moulineaux,Non trouvé,Non trouvé,Non trouvé,,
Ecole technique privée - Institut européen des affaires,Grenoble,Non trouvé,Non trouvé,Non trouvé,,
Ecole technique privée EPSECO,Valence,Non trouvé,Non trouvé,Non trouvé,,
Ecole technique privée d'esthétique et de parfumerie,Marseille,Non trouvé,Non trouvé,Non trouvé,,
AFTEC - Rennes,Rennes,Non trouvé,Non trouvé,Non trouvé,,
ETPSE - Ecole Susini Esthétique,Aix-en-Provence,Non trouvé,Non trouvé,Non trouvé,,
"ESQESE - Ecole supérieure qualité sécurité-santé environnement, Université catholique de Lyon",Lyon,Non trouvé,Non trouvé,Non trouvé,,
ESE-IER - Ecole supérieure européenne d'ingénierie de l'espace rural,Annecy,Non trouvé,Non trouvé,Non trouvé,,
Ecole supérieure d'optique Fizeau,Rennes,Non trouvé,Non trouvé,Non trouvé,,
ESOP - Ecole supérieure d'opticiens de Paris,Paris,Non trouvé,Non trouvé,Non trouvé,,
Ecole supérieure d'ingénieurs commerciaux en services informatiques,Paris,Non trouvé,Non trouvé,Non trouvé,,
Ecole supérieure d'optique de l'Ouest,Angers,Non trouvé,Non trouvé,Non trouvé,,
EST - Ecole supérieure des transports (groupe ENOES),Paris,Non trouvé,Non trouvé,Non trouvé,,
Ecole supérieure des techniques appliquées à la communication,Bourges,Non trouvé,Non trouvé,Non trouvé,,
E2ST - Ecole supérieure des services et du tertiaire (E2ST),Lille,Non trouvé,Non trouvé,Non trouvé,,
ESEPAC - Ecole supérieure des professions de l'emballage et du conditionnement,Le Puy-en-Velay,Non trouvé,Non trouvé,Non trouvé,,
Ecole supérieure des métiers de l'aéronautique,Montpellier,Non trouvé,Non trouvé,Non trouvé,,
Ecole supérieure des métiers des agences d'emploi,Saint-Germain-en-Laye,Non trouvé,Non trouvé,Non trouvé,,
ESIV - Ecole supérieure des industries du vêtement (CCIP),Paris,Non trouvé,Non trouvé,Non trouvé,,
CNAM Pays de la Loire - Le Mans,Le Mans,Non trouvé,Non trouvé,Non trouvé,,
ESSEL - Ecole supérieure de la sécurité dans l'entreprise,Limoges,Non trouvé,Non trouvé,Non trouvé,,
in&ma - Campus Albi,Albi,Non trouvé,Non trouvé,Non trouvé,,
ESJ - Ecole supérieure de journalisme,Paris,Non trouvé,Non trouvé,Non trouvé,,
ESJ LILLE - Ecole supérieure de journalisme de Lille,Lille,Non trouvé,Non trouvé,Non trouvé,,
"Ecole supérieure de commerce, de communication et de gestion - Limoges",Limoges,Non trouvé,Non trouvé,Non trouvé,,
ERAGE - Ecole régionale des avocats du Grand Est,Strasbourg,Non trouvé,Non trouvé,Non trouvé,,
EPMCA - Ecole préparatoire au monitorat d'enseignement conduite automobile,Le Mans,Non trouvé,Non trouvé,Non trouvé,,
EPSAD - Ecole professionnelle supérieure d'art dramatique de Lille,Lille,Non trouvé,Non trouvé,Non trouvé,,
Ecole supérieure NEOSUP,Perpignan,Non trouvé,Non trouvé,Non trouvé,,
EPTEGE - Ecole privée des techniques géographiques de l'environnement,Toulouse,Non trouvé,Non trouvé,Non trouvé,,
Vidal Formation,Toulouse,Non trouvé,Non trouvé,Non trouvé,,
Ecole privée d'enseignement supérieur HELI - Union Training Center,Angoulême,Non trouvé,Non trouvé,Non trouvé,,
EPVM - Ecole pratique vente et marketing,Reims,Non trouvé,Non trouvé,Non trouvé,,
EERIE - Ecole pour les études et la recherche en informatique et électronique,Nîmes,Non trouvé,Non trouvé,Non trouvé,,
AFTRAL - Rungis,Rungis,Non trouvé,Non trouvé,Non trouvé,,
EPHE - Ecole pratique des hautes études,Paris,Non trouvé,Non trouvé,Non trouvé,,
EPT - Ecole pratique de tourisme (AFTRAL),Versailles,Non trouvé,Non trouvé,Non trouvé,,
EPT - Ecole pratique du tourisme (AFTRAL),Grenoble,Non trouvé,Non trouvé,Non trouvé,,
INP ENVT - Ecole nationale vétérinaire de Toulouse,Toulouse,Non trouvé,Non trouvé,Non trouvé,,
ENSM - Ecole nationale supérieure maritime - Centre de Saint-Malo,Rennes,Non trouvé,Non trouvé,Non trouvé,,
ENSM - Ecole nationale supérieure maritime - centre de Marseille,Marseille,Non trouvé,Non trouvé,Non trouvé,,
ENSP - Ecole nationale supérieure du paysage,Versailles,Non trouvé,Non trouvé,Non trouvé,,
ENSM - Ecole Nationale Supérieure Maritime Centre du Havre,Le Havre,Non trouvé,Non trouvé,Non trouvé,,
Ecole nationale vétérinaire - VetAgro Sup Lyon,Lyon,Non trouvé,Non trouvé,Non trouvé,,
ENSP - Ecole nationale supérieure du paysage site de Marseille,Marseille,Non trouvé,Non trouvé,Non trouvé,,
PREPA CLIMAX,Versailles,Non trouvé,Non trouvé,Non trouvé,,
Université populaire des Landes - maison des associations,Mont-de-Marsan,Non trouvé,Non trouvé,Non trouvé,,
UDV - Université du vin,Valence,Non trouvé,Non trouvé,Non trouvé,,
Union portuaire rouennaise,Rouen,Non trouvé,Non trouvé,Non trouvé,,
CEDEFI - LIDEC - L'Institut des études comptables,Montigny-le-Bretonneux,Non trouvé,Non trouvé,Non trouvé,,
"IUT TC - IUT Département techniques de commercialisation, Université de La Rochelle",La Rochelle,Non trouvé,Non trouvé,Non trouvé,,
"CUEJ - Centre universitaire d'enseignement du journalisme, Université de Strasbourg",Strasbourg,Non trouvé,Non trouvé,Non trouvé,,
HEDAC - Haute Ecole des Avocats Conseils des barreaux de la Cour d'appel de Versailles,Viroflay,Non trouvé,Non trouvé,Non trouvé,,
"CRFCB - Centre régional de formation aux carrières bibliothèques et documentation, Université Clermont-Ferrand II",Clermont-Ferrand,Non trouvé,Non trouvé,Non trouvé,,
EFACS - Ecole de formation des avocats centre sud,Clermont-Ferrand,Non trouvé,Non trouvé,Non trouvé,,
Centre régional de formation aux carrières des bibliothèques Médiaquitaine,Bordeaux,Non trouvé,Non trouvé,Non trouvé,,
CRA-CNAM - Limoges,Limoges,Non trouvé,Non trouvé,Non trouvé,,
CRA-CNAM Brive,Tulle,Non trouvé,Non trouvé,Non trouvé,,
CRA-CNAM Lyon,Lyon,Non trouvé,Non trouvé,Non trouvé,,
Centre pédagogique,Amiens,Non trouvé,Non trouvé,Non trouvé,,
"Centre international d'études françaises, Université catholique de l'Ouest",Angers,Non trouvé,Non trouvé,Non trouvé,,
Centre Europe,Strasbourg,Non trouvé,Non trouvé,Non trouvé,,
CESE - Centre d'études des sciences de l'entreprise,Metz,Non trouvé,Non trouvé,Non trouvé,,
CESNI Sport Alternance - Chambéry,Chambéry,Non trouvé,Non trouvé,Non trouvé,,
CESE - Centre d'études des sciences de l'entreprise,Metz,Non trouvé,Non trouvé,Non trouvé,,
Centre d'enseignement Jean Macé,Mâcon,Non trouvé,Non trouvé,Non trouvé,,
CFPN - Centre de formation professionnelle notariale de Lyon,Lyon,Non trouvé,Non trouvé,Non trouvé,,
CNAM Pays de la Loire - La Roche-sur-Yon,La Roche-sur-Yon,Non trouvé,Non trouvé,Non trouvé,,
CFPN - Centre de formation professionnelle notariale,Nancy,Non trouvé,Non trouvé,Non trouvé,,
CFPNP - Centre de formation professionnelle notariale,Nanterre,Non trouvé,Non trouvé,Non trouvé,,
CFPN - Centre de formation professionnelle notariale de Rennes,Rennes,Non trouvé,Non trouvé,Non trouvé,,
CFPN - Centre de formation professionnelle notariale de Clermont-Ferrand,Clermont-Ferrand,Non trouvé,Non trouvé,Non trouvé,,
CFPN - Centre de formation professionnelle des notaires,Aix-en-Provence,Non trouvé,Non trouvé,Non trouvé,,
CFPN - Centre de formation professionnelle des notaires de Strasbourg,Strasbourg,Non trouvé,Non trouvé,Non trouvé,,
Centre de formation Les Chênes,Avignon,Non trouvé,Non trouvé,Non trouvé,,
CEFPA - Centre de formation et perfectionnement aux affaires,Lille,Non trouvé,Non trouvé,Non trouvé,,
FORELIS - Centre de formation FORELIS,Nancy,Non trouvé,Non trouvé,Non trouvé,,
CFJ - Centre de formation des journalistes,Paris,Non trouvé,Non trouvé,Non trouvé,,
EDA - Ecole des avocats du Sud-Est,Marseille,Non trouvé,Non trouvé,Non trouvé,,
"CFCB - Centre de formation aux carrières des bibliothèques, Université Toulouse II",Toulouse,Non trouvé,Non trouvé,Non trouvé,,
C.COM Roubaix,Lille,Non trouvé,Non trouvé,Non trouvé,,
Institut Carrel,Lyon,Non trouvé,Non trouvé,Non trouvé,,
CAP VERS - Nantes,Nantes,Non trouvé,Non trouvé,Non trouvé,,
Campus de la CCI d'Eure et Loir,Chartres,Non trouvé,Non trouvé,Non trouvé,,
Bordeaux International Wine Institute,Bordeaux,Non trouvé,Non trouvé,Non trouvé,,
ATA - Villeneuve d'Ascq,Lille,Non trouvé,Non trouvé,Non trouvé,,
AFBB - Association pour la formation de la biochimie et de la biologie,Paris,Non trouvé,Non trouvé,Non trouvé,,
ASFO BSB - Pau,Pau,Non trouvé,Non trouvé,Non trouvé,,
Avenir formation,Saint-Étienne,Non trouvé,Non trouvé,Non trouvé,,
AQUITCOM,Bordeaux,Non trouvé,Non trouvé,Non trouvé,,
Alternance formation,Toulouse,Non trouvé,Non trouvé,Non trouvé,,
Alliance européenne - Périgueux,Périgueux,Non trouvé,Non trouvé,Non trouvé,,
ACFA - Multimédia - Montpellier,Montpellier,Non trouvé,Non trouvé,Non trouvé,,
AIM - Hotel & Tourism Management Academy,Paris,Non trouvé,Non trouvé,Non trouvé,,
IFOPI - Ecole Supérieure Technique Privée,Paris,Non trouvé,Non trouvé,Non trouvé,,
Cours Diderot - Paris,Paris,Non trouvé,Non trouvé,Non trouvé,,
Cours Diderot - Toulouse,Toulouse,Non trouvé,Non trouvé,Non trouvé,,
Cours Diderot,Montpellier,Non trouvé,Non trouvé,Non trouvé,,
ESUP-Saint Germain,Versailles,Non trouvé,Non trouvé,Non trouvé,,
Adonis - Aix en Provence,Aix-en-Provence,Non trouvé,Non trouvé,Non trouvé,,
Adonis - Toulouse,Toulouse,Non trouvé,Non trouvé,Non trouvé,,
Adonis - Bordeaux,Bordeaux,Non trouvé,Non trouvé,Non trouvé,,
Adonis - Montpellier,Montpellier,Non trouvé,Non trouvé,Non trouvé,,
Adonis - Lille,Lille,Non trouvé,Non trouvé,Non trouvé,,
Adonis - Lyon,Lyon,Non trouvé,Non trouvé,Non trouvé,,
CPES - Orléans Cité Formation,Orléans,Non trouvé,Non trouvé,Non trouvé,,
Institut National de la Gemmologie - Paris,Paris,Non trouvé,Non trouvé,Non trouvé,,
ADRAR Formations,Toulouse,Non trouvé,Non trouvé,Non trouvé,,
Institut National de la Gemmologie - Lyon,Lyon,Non trouvé,Non trouvé,Non trouvé,,
ESJ Paris - Ecole Supérieure de Journalisme de Paris,Paris,Non trouvé,Non trouvé,Non trouvé,,
EJC - Ecole de Journalisme et de Communication,Toulouse,Non trouvé,Non trouvé,Non trouvé,,
AUREÏS,Paris,Non trouvé,Non trouvé,Non trouvé,,
Méthodia,Paris,Non trouvé,Non trouvé,Non trouvé,,
PGE-PGO - Institut Privé de préparation aux Concours,Paris,Non trouvé,Non trouvé,Non trouvé,,
Headways,Paris,Non trouvé,Non trouvé,Non trouvé,,
Icademie - Paris,Paris,Non trouvé,Non trouvé,Non trouvé,,
Icademie - Aix en Provence,Bouc-Bel-Air,Non trouvé,Non trouvé,Non trouvé,,
Essym - Rambouillet,Rambouillet,Non trouvé,Non trouvé,Non trouvé,,
Ecole de Communication de Rennes,Rennes,Non trouvé,Non trouvé,Non trouvé,,
ENSUP,Guyancourt,Non trouvé,Non trouvé,Non trouvé,,
ISCAE Education,Nice,Non trouvé,Non trouvé,Non trouvé,,
IUM - International University of Monaco,,Non trouvé,Non trouvé,Non trouvé,,